{"credit":"Made with Blockbench","textures":{"0":"microphone","particle":"microphone"},"elements":[{"from":[6.25,0,6.25],"to":[9.75,0.55,9.75],"faces":{"north":{"uv":[8,2,11.5,2.5],"texture":"#0"},"east":{"uv":[8,3,11.5,3.5],"texture":"#0"},"south":{"uv":[8,4,11.5,4.5],"texture":"#0"},"west":{"uv":[8,5,11.5,5.5],"texture":"#0"},"up":{"uv":[3.5,3.5,0,0],"texture":"#0"},"down":{"uv":[3.5,4,0,7.5],"texture":"#0"}}},{"from":[7.8,0.225,7.775],"to":[8.2,7.025,8.225],"faces":{"north":{"uv":[4,4,4.5,10.75],"texture":"#0"},"east":{"uv":[5,4,5.5,10.75],"texture":"#0"},"south":{"uv":[6,0,6.5,6.75],"texture":"#0"},"west":{"uv":[7,0,7.5,6.75],"texture":"#0"},"up":{"uv":[1.5,11.5,1,11],"texture":"#0"},"down":{"uv":[11.5,1,11,1.5],"texture":"#0"}}},{"from":[7.65,7,7.525],"to":[8.35,7.7,9.525],"rotation":{"angle":22.5,"axis":"x","origin":[8,7.35,7.525]},"faces":{"north":{"uv":[3,10,3.75,10.75],"texture":"#0"},"east":{"uv":[6,9,8,9.75],"texture":"#0"},"south":{"uv":[10,8,10.75,8.75],"texture":"#0"},"west":{"uv":[0,10,2,10.75],"texture":"#0"},"up":{"uv":[10.75,2,10,0],"texture":"#0"},"down":{"uv":[2.75,10,2,12],"texture":"#0"}}},{"from":[7.15,6.525,5.525],"to":[8.85,8.225,7.525],"rotation":{"angle":22.5,"axis":"x","origin":[8,7.35,7.525]},"faces":{"north":{"uv":[8,0,9.75,1.5],"texture":"#0"},"east":{"uv":[6,7,8,8.5],"texture":"#0"},"south":{"uv":[2,8,3.75,9.5],"texture":"#0"},"west":{"uv":[0,8,2,9.5],"texture":"#0"},"up":{"uv":[5.75,2,4,0],"texture":"#0"},"down":{"uv":[5.75,2,4,4],"texture":"#0"}}},{"from":[8.175,6.375,7.775],"to":[8.475,7.05,8.225],"faces":{"north":{"uv":[3,11,3.25,11.75],"texture":"#0"},"east":{"uv":[10,9,10.5,9.75],"texture":"#0"},"south":{"uv":[4,11,4.25,11.75],"texture":"#0"},"west":{"uv":[10,10,10.5,10.75],"texture":"#0"},"up":{"uv":[7.25,11.5,7,11],"texture":"#0"},"down":{"uv":[8.25,11,8,11.5],"texture":"#0"}}},{"from":[7.5,6.375,7.775],"to":[7.8,7.05,8.225],"faces":{"north":{"uv":[5,11,5.25,11.75],"texture":"#0"},"east":{"uv":[0,11,0.5,11.75],"texture":"#0"},"south":{"uv":[6,11,6.25,11.75],"texture":"#0"},"west":{"uv":[11,0,11.5,0.75],"texture":"#0"},"up":{"uv":[11.25,8.5,11,8],"texture":"#0"},"down":{"uv":[9.25,11,9,11.5],"texture":"#0"}}},{"from":[7.325,0.225,7.35],"to":[8.675,1.025,8.65],"faces":{"north":{"uv":[6,10,7.25,10.75],"texture":"#0"},"east":{"uv":[10,6,11.25,6.75],"texture":"#0"},"south":{"uv":[10,7,11.25,7.75],"texture":"#0"},"west":{"uv":[8,10,9.25,10.75],"texture":"#0"},"up":{"uv":[9.25,7.25,8,6],"texture":"#0"},"down":{"uv":[9.25,8,8,9.25],"texture":"#0"}}}],"display":{"thirdperson_righthand":{"translation":[0,6.75,0.75],"scale":[2,2,2]},"thirdperson_lefthand":{"translation":[0,6.5,1.5],"scale":[2,2,2]},"firstperson_righthand":{"rotation":[0,2,0],"translation":[2,7.75,0],"scale":[2,2,2]},"firstperson_lefthand":{"rotation":[0,2,0],"translation":[1.25,7,0],"scale":[2,2,2]},"gui":{"rotation":[-180,42.5,-180],"translation":[0,6,0],"scale":[1.6875,1.6875,1.6875]},"head":{"translation":[0,31,0],"scale":[3,3,3]},"fixed":{"scale":[3,3,3]}}}