{"credit":"Created by Workshop Six","textures":{"1":"workshop_six:medieval_tavern_furniture/tavern_bottle_stack","particle":"workshop_six:medieval_tavern_furniture/tavern_bottle_stack"},"elements":[{"from":[10.5,0.075,7.625],"to":[13.5,3.075,12.625],"rotation":{"angle":0,"axis":"y","origin":[12,2.375,8]},"faces":{"north":{"uv":[0,6,3,9],"texture":"#1"},"east":{"uv":[0,0,5,3],"texture":"#1"},"south":{"uv":[8,0,11,3],"texture":"#1"},"west":{"uv":[0,3,5,6],"texture":"#1"},"up":{"uv":[8,5,5,0],"texture":"#1"},"down":{"uv":[8,5,5,10],"texture":"#1"}}},{"from":[11,0.575,5.625],"to":[13,2.575,7.625],"rotation":{"angle":0,"axis":"y","origin":[12,2.375,8]},"faces":{"north":{"uv":[3,6,5,8],"texture":"#1"},"east":{"uv":[3,8,5,10],"texture":"#1"},"south":{"uv":[8,3,10,5],"texture":"#1"},"west":{"uv":[8,5,10,7],"texture":"#1"},"up":{"uv":[10,9,8,7],"texture":"#1"},"down":{"uv":[2,9,0,11],"texture":"#1"}}},{"from":[10.9,0.475,5.375],"to":[13.1,2.675,6.375],"rotation":{"angle":0,"axis":"y","origin":[12,2.375,8]},"faces":{"north":{"uv":[8,9,10,11],"texture":"#1"},"east":{"uv":[10,3,11,5],"texture":"#1"},"south":{"uv":[2,10,4,12],"texture":"#1"},"west":{"uv":[4,10,5,12],"texture":"#1"},"up":{"uv":[7,11,5,10],"texture":"#1"},"down":{"uv":[12,5,10,6],"texture":"#1"}}},{"from":[6.5,0.075,7.625],"to":[9.5,3.075,12.625],"rotation":{"angle":0,"axis":"y","origin":[8,2.375,8]},"faces":{"north":{"uv":[0,6,3,9],"texture":"#1"},"east":{"uv":[0,0,5,3],"texture":"#1"},"south":{"uv":[8,0,11,3],"texture":"#1"},"west":{"uv":[0,3,5,6],"texture":"#1"},"up":{"uv":[8,5,5,0],"texture":"#1"},"down":{"uv":[8,5,5,10],"texture":"#1"}}},{"from":[7,0.575,5.625],"to":[9,2.575,7.625],"rotation":{"angle":0,"axis":"y","origin":[8,2.375,8]},"faces":{"north":{"uv":[3,6,5,8],"texture":"#1"},"east":{"uv":[3,8,5,10],"texture":"#1"},"south":{"uv":[8,3,10,5],"texture":"#1"},"west":{"uv":[8,5,10,7],"texture":"#1"},"up":{"uv":[10,9,8,7],"texture":"#1"},"down":{"uv":[2,9,0,11],"texture":"#1"}}},{"from":[6.9,0.475,5.375],"to":[9.1,2.675,6.375],"rotation":{"angle":0,"axis":"y","origin":[8,2.375,8]},"faces":{"north":{"uv":[8,9,10,11],"texture":"#1"},"east":{"uv":[10,3,11,5],"texture":"#1"},"south":{"uv":[2,10,4,12],"texture":"#1"},"west":{"uv":[4,10,5,12],"texture":"#1"},"up":{"uv":[7,11,5,10],"texture":"#1"},"down":{"uv":[12,5,10,6],"texture":"#1"}}},{"from":[2.5,0.075,7.625],"to":[5.5,3.075,12.625],"rotation":{"angle":0,"axis":"y","origin":[4,2.375,8]},"faces":{"north":{"uv":[0,6,3,9],"texture":"#1"},"east":{"uv":[0,0,5,3],"texture":"#1"},"south":{"uv":[8,0,11,3],"texture":"#1"},"west":{"uv":[0,3,5,6],"texture":"#1"},"up":{"uv":[8,5,5,0],"texture":"#1"},"down":{"uv":[8,5,5,10],"texture":"#1"}}},{"from":[3,0.575,5.625],"to":[5,2.575,7.625],"rotation":{"angle":0,"axis":"y","origin":[4,2.375,8]},"faces":{"north":{"uv":[3,6,5,8],"texture":"#1"},"east":{"uv":[3,8,5,10],"texture":"#1"},"south":{"uv":[8,3,10,5],"texture":"#1"},"west":{"uv":[8,5,10,7],"texture":"#1"},"up":{"uv":[10,9,8,7],"texture":"#1"},"down":{"uv":[2,9,0,11],"texture":"#1"}}},{"from":[2.9,0.475,5.375],"to":[5.1,2.675,6.375],"rotation":{"angle":0,"axis":"y","origin":[4,2.375,8]},"faces":{"north":{"uv":[8,9,10,11],"texture":"#1"},"east":{"uv":[10,3,11,5],"texture":"#1"},"south":{"uv":[2,10,4,12],"texture":"#1"},"west":{"uv":[4,10,5,12],"texture":"#1"},"up":{"uv":[7,11,5,10],"texture":"#1"},"down":{"uv":[12,5,10,6],"texture":"#1"}}},{"from":[4.5,3.075,7.625],"to":[7.5,6.075,12.625],"rotation":{"angle":0,"axis":"y","origin":[6,5.375,8]},"faces":{"north":{"uv":[0,6,3,9],"texture":"#1"},"east":{"uv":[0,0,5,3],"texture":"#1"},"south":{"uv":[8,0,11,3],"texture":"#1"},"west":{"uv":[0,3,5,6],"texture":"#1"},"up":{"uv":[8,5,5,0],"texture":"#1"},"down":{"uv":[8,5,5,10],"texture":"#1"}}},{"from":[5,3.575,5.625],"to":[7,5.575,7.625],"rotation":{"angle":0,"axis":"y","origin":[6,5.375,8]},"faces":{"north":{"uv":[3,6,5,8],"texture":"#1"},"east":{"uv":[3,8,5,10],"texture":"#1"},"south":{"uv":[8,3,10,5],"texture":"#1"},"west":{"uv":[8,5,10,7],"texture":"#1"},"up":{"uv":[10,9,8,7],"texture":"#1"},"down":{"uv":[2,9,0,11],"texture":"#1"}}},{"from":[4.9,3.475,5.375],"to":[7.1,5.675,6.375],"rotation":{"angle":0,"axis":"y","origin":[6,5.375,8]},"faces":{"north":{"uv":[8,9,10,11],"texture":"#1"},"east":{"uv":[10,3,11,5],"texture":"#1"},"south":{"uv":[2,10,4,12],"texture":"#1"},"west":{"uv":[4,10,5,12],"texture":"#1"},"up":{"uv":[7,11,5,10],"texture":"#1"},"down":{"uv":[12,5,10,6],"texture":"#1"}}},{"from":[8.5,3.075,7.625],"to":[11.5,6.075,12.625],"rotation":{"angle":0,"axis":"y","origin":[10,5.375,8]},"faces":{"north":{"uv":[0,6,3,9],"texture":"#1"},"east":{"uv":[0,0,5,3],"texture":"#1"},"south":{"uv":[8,0,11,3],"texture":"#1"},"west":{"uv":[0,3,5,6],"texture":"#1"},"up":{"uv":[8,5,5,0],"texture":"#1"},"down":{"uv":[8,5,5,10],"texture":"#1"}}},{"from":[9,3.575,5.625],"to":[11,5.575,7.625],"rotation":{"angle":0,"axis":"y","origin":[10,5.375,8]},"faces":{"north":{"uv":[3,6,5,8],"texture":"#1"},"east":{"uv":[3,8,5,10],"texture":"#1"},"south":{"uv":[8,3,10,5],"texture":"#1"},"west":{"uv":[8,5,10,7],"texture":"#1"},"up":{"uv":[10,9,8,7],"texture":"#1"},"down":{"uv":[2,9,0,11],"texture":"#1"}}},{"from":[8.9,3.475,5.375],"to":[11.1,5.675,6.375],"rotation":{"angle":0,"axis":"y","origin":[10,5.375,8]},"faces":{"north":{"uv":[8,9,10,11],"texture":"#1"},"east":{"uv":[10,3,11,5],"texture":"#1"},"south":{"uv":[2,10,4,12],"texture":"#1"},"west":{"uv":[4,10,5,12],"texture":"#1"},"up":{"uv":[7,11,5,10],"texture":"#1"},"down":{"uv":[12,5,10,6],"texture":"#1"}}},{"from":[6.5,6.075,7.625],"to":[9.5,9.075,12.625],"rotation":{"angle":0,"axis":"y","origin":[8,8.375,8]},"faces":{"north":{"uv":[0,6,3,9],"texture":"#1"},"east":{"uv":[0,0,5,3],"texture":"#1"},"south":{"uv":[8,0,11,3],"texture":"#1"},"west":{"uv":[0,3,5,6],"texture":"#1"},"up":{"uv":[8,5,5,0],"texture":"#1"},"down":{"uv":[8,5,5,10],"texture":"#1"}}},{"from":[7,6.575,5.625],"to":[9,8.575,7.625],"rotation":{"angle":0,"axis":"y","origin":[8,8.375,8]},"faces":{"north":{"uv":[3,6,5,8],"texture":"#1"},"east":{"uv":[3,8,5,10],"texture":"#1"},"south":{"uv":[8,3,10,5],"texture":"#1"},"west":{"uv":[8,5,10,7],"texture":"#1"},"up":{"uv":[10,9,8,7],"texture":"#1"},"down":{"uv":[2,9,0,11],"texture":"#1"}}},{"from":[6.9,6.475,5.375],"to":[9.1,8.675,6.375],"rotation":{"angle":0,"axis":"y","origin":[8,8.375,8]},"faces":{"north":{"uv":[8,9,10,11],"texture":"#1"},"east":{"uv":[10,3,11,5],"texture":"#1"},"south":{"uv":[2,10,4,12],"texture":"#1"},"west":{"uv":[4,10,5,12],"texture":"#1"},"up":{"uv":[7,11,5,10],"texture":"#1"},"down":{"uv":[12,5,10,6],"texture":"#1"}}}],"gui_light":"front","display":{"thirdperson_righthand":{"rotation":[49,0,0],"translation":[-1,2.75,1.75],"scale":[0.47,0.47,0.47]},"thirdperson_lefthand":{"rotation":[49,0,0],"translation":[-1,2.75,1.75],"scale":[0.47,0.47,0.47]},"firstperson_righthand":{"rotation":[0,131,0],"translation":[0,6.25,1.5],"scale":[0.53,0.53,0.53]},"firstperson_lefthand":{"rotation":[0,131,0],"translation":[0,6.25,1.5],"scale":[0.53,0.53,0.53]},"ground":{"translation":[0,2.75,0],"scale":[0.62,0.62,0.62]},"gui":{"rotation":[11.75,158,0],"translation":[-1,4,0],"scale":[1.11,1.11,1.11]},"head":{"scale":[0,0,0]},"fixed":{"rotation":[-90,0,0],"translation":[0,0,-16],"scale":[2,2,2]}},"mcmodels":"8e0e5cf7a822f85d549f98a891afe0a2"}