{"credit":"Created by Workshop Six","texture_size":[256,256],"textures":{"11":"workshop_six:medieval_tavern_furniture/tavern_cabinet"},"elements":[{"from":[28,-16,1],"to":[32,-13,16],"rotation":{"angle":0,"axis":"y","origin":[0,-16,0]},"faces":{"north":{"uv":[4.75,6.125,5,6.3125],"texture":"#11"},"east":{"uv":[6.6875,3.625,7.625,3.8125],"texture":"#11"},"south":{"uv":[6.9375,4.4375,7.1875,4.625],"texture":"#11"},"west":{"uv":[5.9375,6.6875,6.875,6.875],"texture":"#11"},"up":{"uv":[6.9375,2.6875,6.6875,1.75],"texture":"#11"},"down":{"uv":[6.9375,2.6875,6.6875,3.625],"texture":"#11"}}},{"from":[-16,-16,1],"to":[-12,-13,16],"rotation":{"angle":0,"axis":"y","origin":[-44,-16,0]},"faces":{"north":{"uv":[7.25,3.4375,7.5,3.625],"texture":"#11"},"east":{"uv":[5.9375,6.875,6.875,7.0625],"texture":"#11"},"south":{"uv":[7.125,7.3125,7.375,7.5],"texture":"#11"},"west":{"uv":[6.875,6.6875,7.8125,6.875],"texture":"#11"},"up":{"uv":[4.6875,7.625,4.4375,6.6875],"texture":"#11"},"down":{"uv":[4.9375,6.6875,4.6875,7.625],"texture":"#11"}}},{"from":[-12,-15,2],"to":[28,-13,16],"rotation":{"angle":0,"axis":"y","origin":[-40,-16,0]},"faces":{"north":{"uv":[6.6875,1.5,9.1875,1.625],"texture":"#11"},"east":{"uv":[6.9375,2.9375,7.8125,3.0625],"texture":"#11"},"south":{"uv":[6.6875,1.625,9.1875,1.75],"texture":"#11"},"west":{"uv":[6.9375,3.0625,7.8125,3.1875],"texture":"#11"},"up":{"uv":[2.5,5.8125,0,4.9375],"texture":"#11"},"down":{"uv":[5,4.9375,2.5,5.8125],"texture":"#11"}}},{"from":[-16,-13,1],"to":[32,-2,16],"rotation":{"angle":0,"axis":"y","origin":[-40,-14,0]},"faces":{"north":{"uv":[5,4.9375,8,5.625],"texture":"#11"},"east":{"uv":[5.75,3.25,6.6875,3.9375],"texture":"#11"},"south":{"uv":[5,5.625,8,6.3125],"texture":"#11"},"west":{"uv":[6,3.9375,6.9375,4.625],"texture":"#11"},"up":{"uv":[3,4.9375,0,4],"texture":"#11"},"down":{"uv":[6,4,3,4.9375],"texture":"#11"}}},{"from":[-16,-2,0],"to":[32,0,16],"rotation":{"angle":0,"axis":"y","origin":[-40,-14,0]},"faces":{"north":{"uv":[6,4.625,9,4.75],"texture":"#11"},"east":{"uv":[6.6875,3.8125,7.6875,3.9375],"texture":"#11"},"south":{"uv":[6,4.75,9,4.875],"texture":"#11"},"west":{"uv":[6.875,6.875,7.875,7],"texture":"#11"},"up":{"uv":[5.75,1,2.75,0],"texture":"#11"},"down":{"uv":[5.75,1,2.75,2],"texture":"#11"}}},{"from":[30,0,1],"to":[32,30,16],"rotation":{"angle":0,"axis":"y","origin":[-40,-1,0]},"faces":{"north":{"uv":[4.9375,6.6875,5.0625,8.5625],"texture":"#11"},"east":{"uv":[5.75,1.375,6.6875,3.25],"texture":"#11"},"south":{"uv":[5.0625,6.6875,5.1875,8.5625],"texture":"#11"},"west":{"uv":[0,5.8125,0.9375,7.6875],"texture":"#11"},"up":{"uv":[7.0625,2.9375,6.9375,2],"texture":"#11"},"down":{"uv":[7,7,6.875,7.9375],"texture":"#11"}}},{"from":[-16,30,0],"to":[32,32,16],"rotation":{"angle":0,"axis":"y","origin":[-40,18,0]},"faces":{"north":{"uv":[4.4375,6.3125,7.4375,6.4375],"texture":"#11"},"east":{"uv":[6.9375,1.75,7.9375,1.875],"texture":"#11"},"south":{"uv":[4.4375,6.4375,7.4375,6.5625],"texture":"#11"},"west":{"uv":[6.9375,1.875,7.9375,2],"texture":"#11"},"up":{"uv":[5.75,3,2.75,2],"texture":"#11"},"down":{"uv":[5.75,3,2.75,4],"texture":"#11"}}},{"from":[-4,0,1],"to":[-2,30,14],"rotation":{"angle":0,"axis":"y","origin":[-74,-1,0]},"faces":{"north":{"uv":[5.1875,6.6875,5.3125,8.5625],"texture":"#11"},"east":{"uv":[2.8125,5.8125,3.625,7.6875],"texture":"#11"},"south":{"uv":[5.3125,6.6875,5.4375,8.5625],"texture":"#11"},"west":{"uv":[3.625,5.8125,4.4375,7.6875],"texture":"#11"},"up":{"uv":[6.0625,7.875,5.9375,7.0625],"texture":"#11"},"down":{"uv":[6.1875,7.0625,6.0625,7.875],"texture":"#11"}}},{"from":[-16,0,1],"to":[-14,30,16],"rotation":{"angle":0,"axis":"y","origin":[-86,-1,0]},"faces":{"north":{"uv":[5.4375,6.6875,5.5625,8.5625],"texture":"#11"},"east":{"uv":[0.9375,5.8125,1.875,7.6875],"texture":"#11"},"south":{"uv":[5.5625,6.6875,5.6875,8.5625],"texture":"#11"},"west":{"uv":[1.875,5.8125,2.8125,7.6875],"texture":"#11"},"up":{"uv":[7.125,7.9375,7,7],"texture":"#11"},"down":{"uv":[7.1875,2,7.0625,2.9375],"texture":"#11"}}},{"from":[-14,0,14],"to":[30,30,16],"rotation":{"angle":0,"axis":"y","origin":[-40,-1,0]},"faces":{"north":{"uv":[0,0,2.75,1.875],"texture":"#11"},"east":{"uv":[5.6875,6.6875,5.8125,8.5625],"texture":"#11"},"south":{"uv":[0,1.875,2.75,3.75],"texture":"#11"},"west":{"uv":[5.8125,6.6875,5.9375,8.5625],"texture":"#11"},"up":{"uv":[2.75,3.875,0,3.75],"texture":"#11"},"down":{"uv":[2.75,3.875,0,4],"texture":"#11"}}},{"from":[-15,8,3],"to":[30,10,14],"rotation":{"angle":0,"axis":"y","origin":[-40,-4,0]},"faces":{"north":{"uv":[4.4375,6.5625,7.25,6.6875],"texture":"#11"},"east":{"uv":[6.9375,3.1875,7.625,3.3125],"texture":"#11"},"south":{"uv":[6.6875,1.375,9.5,1.5],"texture":"#11"},"west":{"uv":[6.9375,3.3125,7.625,3.4375],"texture":"#11"},"up":{"uv":[8.5625,0.6875,5.75,0],"texture":"#11"},"down":{"uv":[8.5625,0.6875,5.75,1.375],"texture":"#11"}}},{"from":[-15,19,3],"to":[30,21,14],"rotation":{"angle":0,"axis":"y","origin":[-40,7,0]},"faces":{"north":{"uv":[4.4375,6.5625,7.25,6.6875],"texture":"#11"},"east":{"uv":[6.9375,3.1875,7.625,3.3125],"texture":"#11"},"south":{"uv":[6.6875,1.375,9.5,1.5],"texture":"#11"},"west":{"uv":[6.9375,3.3125,7.625,3.4375],"texture":"#11"},"up":{"uv":[8.5625,0.6875,5.75,0],"texture":"#11"},"down":{"uv":[8.5625,0.6875,5.75,1.375],"texture":"#11"}}},{"from":[0,-9,0],"to":[1,-6,2],"rotation":{"angle":0,"axis":"y","origin":[0,-9,0]},"faces":{"north":{"uv":[4.9375,5.8125,5,6],"texture":"#11"},"east":{"uv":[6.75,7.375,6.875,7.5625],"texture":"#11"},"south":{"uv":[6.6875,7.625,6.75,7.8125],"texture":"#11"},"west":{"uv":[6.75,7.5625,6.875,7.75],"texture":"#11"},"up":{"uv":[5,6.125,4.9375,6],"texture":"#11"},"down":{"uv":[7.4375,6.5625,7.375,6.6875],"texture":"#11"}}},{"from":[8,-9,0],"to":[9,-6,2],"rotation":{"angle":0,"axis":"y","origin":[8,-9,0]},"faces":{"north":{"uv":[4.9375,5.8125,5,6],"texture":"#11"},"east":{"uv":[6.75,7.375,6.875,7.5625],"texture":"#11"},"south":{"uv":[6.6875,7.625,6.75,7.8125],"texture":"#11"},"west":{"uv":[6.75,7.5625,6.875,7.75],"texture":"#11"},"up":{"uv":[5,6.125,4.9375,6],"texture":"#11"},"down":{"uv":[7.4375,6.5625,7.375,6.6875],"texture":"#11"}}},{"from":[23,-9,0],"to":[24,-6,2],"rotation":{"angle":0,"axis":"y","origin":[23,-9,0]},"faces":{"north":{"uv":[4.9375,5.8125,5,6],"texture":"#11"},"east":{"uv":[6.75,7.375,6.875,7.5625],"texture":"#11"},"south":{"uv":[6.6875,7.625,6.75,7.8125],"texture":"#11"},"west":{"uv":[6.75,7.5625,6.875,7.75],"texture":"#11"},"up":{"uv":[5,6.125,4.9375,6],"texture":"#11"},"down":{"uv":[7.4375,6.5625,7.375,6.6875],"texture":"#11"}}},{"from":[-12,-9,0],"to":[-11,-6,2],"rotation":{"angle":0,"axis":"y","origin":[-12,-9,0]},"faces":{"north":{"uv":[4.9375,5.8125,5,6],"texture":"#11"},"east":{"uv":[6.75,7.375,6.875,7.5625],"texture":"#11"},"south":{"uv":[6.6875,7.625,6.75,7.8125],"texture":"#11"},"west":{"uv":[6.75,7.5625,6.875,7.75],"texture":"#11"},"up":{"uv":[5,6.125,4.9375,6],"texture":"#11"},"down":{"uv":[7.4375,6.5625,7.375,6.6875],"texture":"#11"}}}],"gui_light":"front","display":{"thirdperson_righthand":{"rotation":[49,0,0],"translation":[-1,0,-0.5],"scale":[0.27,0.27,0.27]},"thirdperson_lefthand":{"rotation":[49,0,0],"translation":[-1,0,-0.5],"scale":[0.27,0.27,0.27]},"firstperson_righthand":{"rotation":[0,100,0],"translation":[0,4.75,1.5],"scale":[0.17,0.17,0.17]},"firstperson_lefthand":{"rotation":[0,100,0],"translation":[0,4.75,1.5],"scale":[0.17,0.17,0.17]},"ground":{"translation":[0,5.75,0],"scale":[0.27,0.27,0.27]},"gui":{"rotation":[11.75,180,0],"translation":[0,0.25,0],"scale":[0.27,0.27,0.27]},"head":{"scale":[0,0,0]},"fixed":{"rotation":[-90,0,0],"translation":[0,0,-48],"scale":[2,2,2]}},"mcmodels":"8e0e5cf7a822f85d549f98a891afe0a2"}