{"credit":"Created by Workshop Six","texture_size":[64,64],"textures":{"1":"workshop_six:medieval_tavern_furniture/tavern_bench"},"elements":[{"from":[22,0,6],"to":[26,7,10],"rotation":{"angle":0,"axis":"y","origin":[31,0,6]},"faces":{"north":{"uv":[9.5,8,10.5,9.75],"texture":"#1"},"east":{"uv":[9.5,9.75,10.5,11.5],"texture":"#1"},"south":{"uv":[0,10,1,11.75],"texture":"#1"},"west":{"uv":[1,10,2,11.75],"texture":"#1"},"up":{"uv":[6.5,11.5,5.5,10.5],"texture":"#1"},"down":{"uv":[7.5,10.5,6.5,11.5],"texture":"#1"}}},{"from":[-13,6,1],"to":[29,8,15],"rotation":{"angle":0,"axis":"y","origin":[31,-6,6]},"faces":{"north":{"uv":[0,7,10.5,7.5],"texture":"#1"},"east":{"uv":[2,10,5.5,10.5],"texture":"#1"},"south":{"uv":[0,7.5,10.5,8],"texture":"#1"},"west":{"uv":[5.5,10,9,10.5],"texture":"#1"},"up":{"uv":[10.5,3.5,0,0],"texture":"#1"},"down":{"uv":[10.5,3.5,0,7],"texture":"#1"}}},{"from":[23,0,3],"to":[25,7,6],"rotation":{"angle":0,"axis":"y","origin":[16,0,6]},"faces":{"north":{"uv":[9,10,9.5,11.75],"texture":"#1"},"east":{"uv":[10.5,3.5,11.25,5.25],"texture":"#1"},"south":{"uv":[10.5,8,11,9.75],"texture":"#1"},"west":{"uv":[4,10.5,4.75,12.25],"texture":"#1"},"up":{"uv":[11.5,8.75,11,8],"texture":"#1"},"down":{"uv":[11.5,8.75,11,9.5],"texture":"#1"}}},{"from":[23,0,10],"to":[25,7,13],"rotation":{"angle":0,"axis":"y","origin":[16,0,10]},"faces":{"north":{"uv":[10.5,9.75,11,11.5],"texture":"#1"},"east":{"uv":[10.5,5.25,11.25,7],"texture":"#1"},"south":{"uv":[8.5,10.5,9,12.25],"texture":"#1"},"west":{"uv":[4.75,10.5,5.5,12.25],"texture":"#1"},"up":{"uv":[11.5,11.75,11,11],"texture":"#1"},"down":{"uv":[11.75,3.5,11.25,4.25],"texture":"#1"}}},{"from":[-11,2,7],"to":[27,4,9],"rotation":{"angle":0,"axis":"y","origin":[7,3,7]},"faces":{"north":{"uv":[0,8,9.5,8.5],"texture":"#1"},"east":{"uv":[11.25,5.75,11.75,6.25],"texture":"#1"},"south":{"uv":[0,8.5,9.5,9],"texture":"#1"},"west":{"uv":[11.25,6.25,11.75,6.75],"texture":"#1"},"up":{"uv":[9.5,9.5,0,9],"texture":"#1"},"down":{"uv":[9.5,9.5,0,10],"texture":"#1"}}},{"from":[-9,0,10],"to":[-7,7,13],"rotation":{"angle":0,"axis":"y","origin":[0,0,10]},"faces":{"north":{"uv":[11,9.75,10.5,11.5],"texture":"#1"},"east":{"uv":[5.5,10.5,4.75,12.25],"texture":"#1"},"south":{"uv":[9,10.5,8.5,12.25],"texture":"#1"},"west":{"uv":[11.25,5.25,10.5,7],"texture":"#1"},"up":{"uv":[11,11.75,11.5,11],"texture":"#1"},"down":{"uv":[11.25,3.5,11.75,4.25],"texture":"#1"}}},{"from":[-10,0,6],"to":[-6,7,10],"rotation":{"angle":0,"axis":"y","origin":[-15,0,6]},"faces":{"north":{"uv":[10.5,8,9.5,9.75],"texture":"#1"},"east":{"uv":[2,10,1,11.75],"texture":"#1"},"south":{"uv":[1,10,0,11.75],"texture":"#1"},"west":{"uv":[10.5,9.75,9.5,11.5],"texture":"#1"},"up":{"uv":[5.5,11.5,6.5,10.5],"texture":"#1"},"down":{"uv":[6.5,10.5,7.5,11.5],"texture":"#1"}}},{"from":[-9,0,3],"to":[-7,7,6],"rotation":{"angle":0,"axis":"y","origin":[0,0,6]},"faces":{"north":{"uv":[9.5,10,9,11.75],"texture":"#1"},"east":{"uv":[4.75,10.5,4,12.25],"texture":"#1"},"south":{"uv":[11,8,10.5,9.75],"texture":"#1"},"west":{"uv":[11.25,3.5,10.5,5.25],"texture":"#1"},"up":{"uv":[11,8.75,11.5,8],"texture":"#1"},"down":{"uv":[11,8.75,11.5,9.5],"texture":"#1"}}}],"gui_light":"front","display":{"thirdperson_righthand":{"rotation":[49,0,0],"translation":[-1,0,-0.5],"scale":[0.27,0.27,0.27]},"thirdperson_lefthand":{"rotation":[49,0,0],"translation":[-1,0,-0.5],"scale":[0.27,0.27,0.27]},"firstperson_righthand":{"rotation":[8,0,0],"translation":[0,3.75,2.5],"scale":[0.26,0.26,0.26]},"firstperson_lefthand":{"rotation":[8,0,0],"translation":[0,3.75,2.5],"scale":[0.26,0.26,0.26]},"ground":{"translation":[0,2.25,0],"scale":[0.4,0.4,0.4]},"gui":{"rotation":[25,61,0],"translation":[0,1,0],"scale":[0.46,0.46,0.46]},"head":{"scale":[0,0,0]},"fixed":{"rotation":[-90,0,0],"translation":[0,0,-16],"scale":[2,2,2]}},"mcmodels":"8e0e5cf7a822f85d549f98a891afe0a2"}