{"sources":[{"type":"single","resource":"cubejobs:items/smelter"},{"type":"single","resource":"azureset:animations/animations_3"},{"type":"single","resource":"elitecreatures:wukong_animated/wukong_texture_01"},{"type":"single","resource":"azureset:animations/animations_1"},{"type":"single","resource":"azureset:animations/animations_2"},{"type":"single","resource":"teleportation_hub:teleportation_hub/waterfall_animation"},{"type":"single","resource":"cubejobs:items/builder"},{"type":"single","resource":"rpg_essentials_1:rpg_essentials_1_texture/bar_dragonite"},{"type":"single","resource":"modelengine:entity/dark_element_pet"},{"type":"single","resource":"cubejobs:items/fisherman"},{"type":"single","resource":"workshop_six:medieval_tavern_furniture/tavern_shelf"},{"type":"single","resource":"workshop_six:medieval_tavern_furniture/tavern_keg_station"},{"type":"single","resource":"cubejobs:items/blacksmith"},{"type":"single","resource":"rpg_essentials_1:rpg_essentials_1_texture/key_light"},{"type":"single","resource":"cubejobs:items/right_arrow"},{"type":"single","resource":"teleportation_hub:teleportation_hub/rtp_lock"},{"type":"single","resource":"minerals_pack:amethyst_block"},{"type":"single","resource":"modelengine:entity/forzen_element_pet_attack_vfx"},{"type":"single","resource":"rpg_essentials_1:rpg_essentials_1_texture/bar_emerald"},{"type":"single","resource":"azureset:wings"},{"type":"single","resource":"azureset:trident"},{"type":"single","resource":"workshop_six:medieval_tavern_furniture/tavern_long_table"},{"type":"single","resource":"rpg_essentials_1:rpg_essentials_1_texture/key_ice"},{"type":"single","resource":"cubejobs:items/miner"},{"type":"single","resource":"azureset:helmet"},{"type":"single","resource":"cubejobs:items/crafter"},{"type":"single","resource":"teleportation_hub:teleportation_hub/sun_animation"},{"type":"single","resource":"modelengine:entity/forzen_element_pet_skill2_vfx"},{"type":"single","resource":"rpg_essentials_1:rpg_essentials_1_texture/rune_aqua"},{"type":"single","resource":"rpg_essentials_1:rpg_essentials_1_texture/rune_nature"},{"type":"single","resource":"modelengine:entity/forest_element_pet"},{"type":"single","resource":"teleportation_hub:teleportation_hub/rtp_pin"},{"type":"single","resource":"azureset:bow"},{"type":"single","resource":"rpg_essentials_1:rpg_essentials_1_texture/key_magma"},{"type":"single","resource":"azureset:shield"},{"type":"single","resource":"cubejobs:items/alchemist"},{"type":"single","resource":"rpg_essentials_1:rpg_essentials_1_texture/bar_gold"},{"type":"single","resource":"rpg_essentials_1:rpg_essentials_1_texture/key_aqua"},{"type":"single","resource":"azureset:crossbow_firework"},{"type":"single","resource":"workshop_six:medieval_tavern_furniture/tavern_bench"},{"type":"single","resource":"elitecreatures:wukong_animated/wukong_texture_spear"},{"type":"single","resource":"azureset:chest"},{"type":"single","resource":"modelengine:entity/forest_element_pet_skill"},{"type":"single","resource":"rpg_essentials_1:rpg_essentials_1_texture/bar_sapphire"},{"type":"single","resource":"rpg_essentials_1:rpg_essentials_1_texture/key_bone"},{"type":"single","resource":"teleportation_hub:teleportation_hub/cloud_animation_2"},{"type":"single","resource":"modelengine:entity/forzen_element_pet_skill"},{"type":"single","resource":"modelengine:entity/forzen_element_pet_attack"},{"type":"single","resource":"teleportation_hub:teleportation_hub/void_waterfall_animation"},{"type":"single","resource":"workshop_six:medieval_tavern_furniture/tavern_keg"},{"type":"single","resource":"rpg_essentials_1:rpg_essentials_1_texture/bar_topaz"},{"type":"single","resource":"modelengine:entity/forzen_element_pet_skill2"},{"type":"single","resource":"azureset:crossbow"},{"type":"single","resource":"workshop_six:medieval_tavern_furniture/tavern_pint_glass"},{"type":"single","resource":"elitecreatures:wukong_animated/armor/wukong_chestplate_icon"},{"type":"single","resource":"cubejobs:items/hunter"},{"type":"single","resource":"workshop_six:medieval_tavern_furniture/tavern_stool"},{"type":"single","resource":"teleportation_hub:teleportation_hub/overworld_icon"},{"type":"single","resource":"elitecreatures:wukong_animated/wukong_animation_02"},{"type":"single","resource":"teleportation_hub:teleportation_hub/minecart_animation"},{"type":"single","resource":"elitecreatures:wukong_animated/wukong_animation_03"},{"type":"single","resource":"teleportation_hub:teleportation_hub/star_animation_bottom_left"},{"type":"single","resource":"rpg_essentials_1:rpg_essentials_1_texture/bar_diamond"},{"type":"single","resource":"minerals_pack:amethyst"},{"type":"single","resource":"teleportation_hub:teleportation_hub/sunset_cloud_animation"},{"type":"single","resource":"elitecreatures:wukong_animated/wukong_animation_01"},{"type":"single","resource":"teleportation_hub:teleportation_hub/nether_icon"},{"type":"single","resource":"modelengine:entity/dark_element_pet_attack_vfx"},{"type":"single","resource":"rpg_essentials_1:rpg_essentials_1_texture/twig"},{"type":"single","resource":"workshop_six:medieval_tavern_furniture/tavern_bottles"},{"type":"single","resource":"cubejobs:misc/air"},{"type":"single","resource":"cubejobs:items/enchanter"},{"type":"single","resource":"elitecreatures:wukong_animated/armor/wukong_boots_icon"},{"type":"single","resource":"rpg_essentials_1:rpg_essentials_1_texture/rune_wind"},{"type":"single","resource":"modelengine:entity/forest_element_pet_attack_vfx"},{"type":"single","resource":"azureset:greatsword"},{"type":"single","resource":"azureset:crossbow_2"},{"type":"single","resource":"azureset:crossbow_1"},{"type":"single","resource":"rpg_essentials_1:rpg_essentials_1_texture/key_wooden"},{"type":"single","resource":"elitecreatures:wukong_animated/armor/wukong_helmet_icon"},{"type":"single","resource":"teleportation_hub:teleportation_hub/resource_icon"},{"type":"single","resource":"azureset:fishing_rod"},{"type":"single","resource":"rpg_essentials_1:rpg_essentials_1_texture/rune_light"},{"type":"single","resource":"azureset:hammer"},{"type":"single","resource":"teleportation_hub:teleportation_hub/right_arrow"},{"type":"single","resource":"rpg_essentials_1:rpg_essentials_1_texture/key_forest"},{"type":"single","resource":"workshop_six:medieval_tavern_furniture/tavern_cabinet"},{"type":"single","resource":"microphone"},{"type":"single","resource":"azureset:fishing_rod_cast"},{"type":"single","resource":"workshop_six:medieval_tavern_furniture/tavern_bar_counter"},{"type":"single","resource":"cubeworld:custom/misc_blocks/amethyst_ore"},{"type":"single","resource":"rpg_essentials_1:rpg_essentials_1_texture/rune_fire"},{"type":"single","resource":"rpg_essentials_1:rpg_essentials_1_texture/coin"},{"type":"single","resource":"azureset:scythe"},{"type":"single","resource":"teleportation_hub:teleportation_hub/left_arrow"},{"type":"single","resource":"azureset:key"},{"type":"single","resource":"modelengine:entity/dark_element_pet_attack_1"},{"type":"single","resource":"azureset:pickaxe"},{"type":"single","resource":"modelengine:entity/forzen_element_pet"},{"type":"single","resource":"azureset:armor/azure_chestplate_icon"},{"type":"single","resource":"teleportation_hub:teleportation_hub/lava_animation"},{"type":"single","resource":"teleportation_hub:teleportation_hub/shining_effect"},{"type":"single","resource":"rpg_essentials_1:rpg_essentials_1_texture/rune_undead"},{"type":"single","resource":"teleportation_hub:teleportation_hub/star_animation_bottom_right"},{"type":"single","resource":"azureset:armor/azure_helmet_icon"},{"type":"single","resource":"cubejobs:items/digger"},{"type":"single","resource":"teleportation_hub:teleportation_hub/star_animation_top_right"},{"type":"single","resource":"teleportation_hub:teleportation_hub/star_animation_top_left"},{"type":"single","resource":"teleportation_hub:teleportation_hub/end_icon"},{"type":"single","resource":"azureset:bow_2"},{"type":"single","resource":"rpg_essentials_1:rpg_essentials_1_texture/rune_ice"},{"type":"single","resource":"azureset:bow_1"},{"type":"single","resource":"azureset:hoe"},{"type":"single","resource":"cubejobs:items/farmer"},{"type":"single","resource":"rpg_essentials_1:rpg_essentials_1_texture/bar_ruby"},{"type":"single","resource":"rpg_essentials_1:rpg_essentials_1_texture/bar_copper"},{"type":"single","resource":"azureset:armor/azure_boots_icon"},{"type":"single","resource":"rpg_essentials_1:rpg_essentials_1_texture/key_wind"},{"type":"single","resource":"teleportation_hub:teleportation_hub/lava_animation_3"},{"type":"single","resource":"modelengine:entity/dark_element_pet_skill2"},{"type":"single","resource":"teleportation_hub:teleportation_hub/lava_animation_4"},{"type":"single","resource":"rpg_essentials_1:rpg_essentials_1_texture/key_shadow"},{"type":"single","resource":"modelengine:entity/forest_element_pet_attack"},{"type":"single","resource":"teleportation_hub:teleportation_hub/lava_animation_2"},{"type":"single","resource":"rpg_essentials_1:rpg_essentials_1_texture/rune_shadow"},{"type":"single","resource":"teleportation_hub:teleportation_hub/lava_animation_5"},{"type":"single","resource":"elitecreatures:wukong_animated/armor/wukong_leggings_icon"},{"type":"single","resource":"rpg_essentials_1:rpg_essentials_1_texture/bar_iron"},{"type":"single","resource":"azureset:sword"},{"type":"single","resource":"azureset:armor/azure_leggings_icon"},{"type":"single","resource":"cubejobs:items/lumberjack"},{"type":"single","resource":"cubejobs:items/left_arrow"},{"type":"single","resource":"cubejobs:items/assassin"},{"type":"single","resource":"azureset:shovel"},{"type":"single","resource":"workshop_six:medieval_tavern_furniture/tavern_bottle_stack"},{"type":"single","resource":"teleportation_hub:teleportation_hub/cloud_animation_bottom"},{"type":"single","resource":"azureset:axe"},{"type":"single","resource":"azureset:spear"},{"type":"single","resource":"rpg_essentials_1:rpg_essentials_1_texture/key_golden"},{"type":"single","resource":"rpg_essentials_1:rpg_essentials_1_texture/rock"},{"type":"single","resource":"azureset:staff"},{"type":"single","resource":"modelengine:entity/dark_element_pet_skill"}]}