{"parent":"item/generated","textures":{"layer0":"item/feather"},"display":{"head":{"rotation":[0,0,45],"translation":[-1,13,7],"scale":[1,1,1]}},"overrides":[{"predicate":{"custom_model_data":2001},"model":"rpg_essentials_1:rpg_essentials_1_model/bar_diamond"},{"predicate":{"custom_model_data":2003},"model":"rpg_essentials_1:rpg_essentials_1_model/bar_emerald"},{"predicate":{"custom_model_data":2004},"model":"rpg_essentials_1:rpg_essentials_1_model/bar_gold"},{"predicate":{"custom_model_data":2005},"model":"rpg_essentials_1:rpg_essentials_1_model/bar_iron"},{"predicate":{"custom_model_data":2006},"model":"rpg_essentials_1:rpg_essentials_1_model/bar_ruby"},{"predicate":{"custom_model_data":2009},"model":"rpg_essentials_1:rpg_essentials_1_model/coin"},{"predicate":{"custom_model_data":2010},"model":"rpg_essentials_1:rpg_essentials_1_model/key_aqua"},{"predicate":{"custom_model_data":2011},"model":"rpg_essentials_1:rpg_essentials_1_model/key_bone"},{"predicate":{"custom_model_data":2012},"model":"rpg_essentials_1:rpg_essentials_1_model/key_forest"},{"predicate":{"custom_model_data":2013},"model":"rpg_essentials_1:rpg_essentials_1_model/key_golden"},{"predicate":{"custom_model_data":2014},"model":"rpg_essentials_1:rpg_essentials_1_model/key_ice"},{"predicate":{"custom_model_data":2017},"model":"rpg_essentials_1:rpg_essentials_1_model/key_shadow"},{"predicate":{"custom_model_data":2018},"model":"rpg_essentials_1:rpg_essentials_1_model/key_wooden"},{"predicate":{"custom_model_data":2019},"model":"rpg_essentials_1:rpg_essentials_1_model/key_wind"},{"predicate":{"custom_model_data":2020},"model":"rpg_essentials_1:rpg_essentials_1_model/rock"},{"predicate":{"custom_model_data":2021},"model":"rpg_essentials_1:rpg_essentials_1_model/twig"},{"predicate":{"custom_model_data":2022},"model":"rpg_essentials_1:rpg_essentials_1_model/rune_aqua"},{"predicate":{"custom_model_data":2023},"model":"rpg_essentials_1:rpg_essentials_1_model/rune_fire"},{"predicate":{"custom_model_data":2024},"model":"rpg_essentials_1:rpg_essentials_1_model/rune_ice"},{"predicate":{"custom_model_data":2026},"model":"rpg_essentials_1:rpg_essentials_1_model/rune_nature"},{"predicate":{"custom_model_data":2028},"model":"rpg_essentials_1:rpg_essentials_1_model/rune_undead"},{"predicate":{"custom_model_data":2029},"model":"rpg_essentials_1:rpg_essentials_1_model/rune_wind"},{"predicate":{"custom_model_data":2030},"model":"item/feather"}]}