{
	"credit": "Made with Blockbench",
	"texture_size": [128, 128],
	"textures": {
		"0": "elitecreatures:krampus_animated/krampus_texture",
		"1": "elitecreatures:krampus_animated/krampus_animation",
		"particle": "elitecreatures:krampus_animated/krampus_texture"
	},
	"elements": [
		{
			"from": [6, 1, 12],
			"to": [10, 8, 15],
			"rotation": {"angle": -45, "axis": "x", "origin": [8, 8, 15]},
			"faces": {
				"north": {"uv": [2, 15.25, 2.5, 14.375], "rotation": 180, "texture": "#0"},
				"east": {"uv": [6.625, 16, 6.25, 15.125], "rotation": 180, "texture": "#0"},
				"south": {"uv": [4.3125, 16, 4.8125, 15.125], "rotation": 180, "texture": "#0"},
				"west": {"uv": [6.25, 16, 6.625, 15.125], "rotation": 180, "texture": "#0"},
				"up": {"uv": [1.75, 13.875, 2.125, 14.375], "rotation": 270, "texture": "#0"},
				"down": {"uv": [1.75, 13.875, 2.125, 14.375], "rotation": 270, "texture": "#0"}
			}
		},
		{
			"from": [8, 4.5, -14],
			"to": [8, 13.5, 16.5],
			"rotation": {"angle": 22.5, "axis": "z", "origin": [8.05, 8.5, 1.25]},
			"faces": {
				"north": {"uv": [0, 0.78125, 0.15625, 0.78125], "rotation": 90, "texture": "#missing"},
				"east": {"uv": [12.4375, 3.8125, 13.5625, 0], "rotation": 270, "texture": "#0"},
				"south": {"uv": [0, 0.78125, 0.15625, 0.78125], "rotation": 270, "texture": "#missing"},
				"west": {"uv": [12.4375, 0, 13.5625, 3.8125], "rotation": 270, "texture": "#0"},
				"up": {"uv": [0, 0.78125, 0.47656, 0.78125], "rotation": 270, "texture": "#missing"},
				"down": {"uv": [0, 0.78125, 0.47656, 0.78125], "rotation": 270, "texture": "#missing"}
			}
		},
		{
			"from": [8, 4.5, -14],
			"to": [8, 13.5, 16.5],
			"rotation": {"angle": -22.5, "axis": "z", "origin": [8.05, 8.5, 1.25]},
			"faces": {
				"north": {"uv": [0, 0.78125, 0.15625, 0.78125], "rotation": 90, "texture": "#missing"},
				"east": {"uv": [12.4375, 3.8125, 13.5625, 0], "rotation": 270, "texture": "#0"},
				"south": {"uv": [0, 0.78125, 0.15625, 0.78125], "rotation": 270, "texture": "#missing"},
				"west": {"uv": [12.4375, 0, 13.5625, 3.8125], "rotation": 270, "texture": "#0"},
				"up": {"uv": [0, 0.78125, 0.47656, 0.78125], "rotation": 270, "texture": "#missing"},
				"down": {"uv": [0, 0.78125, 0.47656, 0.78125], "rotation": 270, "texture": "#missing"}
			}
		},
		{
			"from": [5, 4, 4],
			"to": [11, 8.5, 15],
			"rotation": {"angle": 0, "axis": "y", "origin": [6.5, 22, 12.28682]},
			"faces": {
				"north": {"uv": [3.75, 15.25, 4.3125, 16], "rotation": 270, "texture": "#0"},
				"east": {"uv": [5.6875, 16, 6.25, 14.625], "rotation": 270, "texture": "#0"},
				"south": {"uv": [3.75, 15.25, 4.3125, 16], "rotation": 270, "texture": "#0"},
				"west": {"uv": [5.6875, 14.625, 6.25, 16], "rotation": 270, "texture": "#0"},
				"up": {"uv": [1, 15.25, 2.375, 16], "rotation": 270, "texture": "#0"},
				"down": {"uv": [2.375, 15.25, 3.75, 16], "rotation": 270, "texture": "#0"}
			}
		},
		{
			"from": [4.5, 3, -2],
			"to": [11.5, 8.5, 4],
			"rotation": {"angle": 0, "axis": "y", "origin": [7, 22, 12.28682]},
			"faces": {
				"north": {"uv": [6.625, 15.125, 7.3125, 16], "rotation": 270, "texture": "#0"},
				"east": {"uv": [7.3125, 15.25, 8, 16], "rotation": 270, "texture": "#0"},
				"south": {"uv": [6.625, 15.125, 7.3125, 16], "rotation": 270, "texture": "#0"},
				"west": {"uv": [7.3125, 15.25, 8, 16], "rotation": 270, "texture": "#0"},
				"up": {"uv": [7.375, 13.75, 8.125, 14.625], "rotation": 270, "texture": "#0"},
				"down": {"uv": [8.1875, 13.75, 8.9375, 14.625], "rotation": 270, "texture": "#0"}
			}
		},
		{
			"from": [2.9, 4.5, -0.9],
			"to": [5.9, 12.5, 4.1],
			"rotation": {"angle": 22.5, "axis": "z", "origin": [4.9, 8.5, 0.6]},
			"faces": {
				"north": {"uv": [0, 13.8125, 1, 14.1875], "rotation": 90, "texture": "#0"},
				"east": {"uv": [7.875, 8.4375, 8.875, 9.0625], "rotation": 270, "texture": "#0"},
				"south": {"uv": [0, 14.1875, 1, 13.8125], "rotation": 90, "texture": "#0"},
				"west": {"uv": [6.875, 8.4375, 7.875, 9.0625], "rotation": 270, "texture": "#0"},
				"up": {"uv": [1, 13.8125, 1.625, 14.1875], "rotation": 90, "texture": "#0"},
				"down": {"uv": [1, 13.8125, 1.625, 14.1875], "rotation": 90, "texture": "#0"}
			}
		},
		{
			"from": [10.1, 4.5, -0.9],
			"to": [13.1, 12.5, 4.1],
			"rotation": {"angle": -22.5, "axis": "z", "origin": [11.1, 8.5, 0.6]},
			"faces": {
				"north": {"uv": [0, 14.1875, 1, 13.8125], "rotation": 90, "texture": "#0"},
				"east": {"uv": [6.875, 9.0625, 7.875, 8.4375], "rotation": 270, "texture": "#0"},
				"south": {"uv": [0, 13.8125, 1, 14.1875], "rotation": 90, "texture": "#0"},
				"west": {"uv": [7.875, 9.0625, 8.875, 8.4375], "rotation": 270, "texture": "#0"},
				"up": {"uv": [1, 14.1875, 1.625, 13.8125], "rotation": 90, "texture": "#0"},
				"down": {"uv": [1, 14.1875, 1.625, 13.8125], "rotation": 90, "texture": "#0"}
			}
		},
		{
			"from": [-2, 8.5, 6.5],
			"to": [12.2, 9, 7],
			"rotation": {"angle": -45, "axis": "y", "origin": [-1.5, 8.75, 6.75]},
			"faces": {
				"north": {"uv": [3.0625, 10.6875, 3.125, 9.4375], "rotation": 270, "texture": "#0"},
				"east": {"uv": [3.0625, 9.4375, 3.125, 9.5], "rotation": 270, "texture": "#0"},
				"south": {"uv": [3.0625, 9.4375, 3.125, 10.6875], "rotation": 270, "texture": "#0"},
				"west": {"uv": [3.0625, 9.4375, 3.125, 9.5], "rotation": 270, "texture": "#0"},
				"up": {"uv": [3.0625, 9.4375, 3.125, 10.6875], "rotation": 270, "texture": "#0"},
				"down": {"uv": [3.0625, 9.4375, 3.125, 10.6875], "rotation": 270, "texture": "#0"}
			}
		},
		{
			"from": [3.8, 8.5, 6.5],
			"to": [18, 9, 7],
			"rotation": {"angle": 45, "axis": "y", "origin": [17.5, 8.75, 6.75]},
			"faces": {
				"north": {"uv": [3.0625, 9.4375, 3.125, 10.6875], "rotation": 270, "texture": "#0"},
				"east": {"uv": [3.0625, 9.5, 3.125, 9.4375], "rotation": 270, "texture": "#0"},
				"south": {"uv": [3.0625, 10.6875, 3.125, 9.4375], "rotation": 270, "texture": "#0"},
				"west": {"uv": [3.0625, 9.5, 3.125, 9.4375], "rotation": 270, "texture": "#0"},
				"up": {"uv": [3.0625, 10.6875, 3.125, 9.4375], "rotation": 270, "texture": "#0"},
				"down": {"uv": [3.0625, 10.6875, 3.125, 9.4375], "rotation": 270, "texture": "#0"}
			}
		},
		{
			"from": [-1.5, 5.5, -0.5],
			"to": [4.5, 10.5, 2.5],
			"rotation": {"angle": 22.5, "axis": "y", "origin": [5.5, 9.5, 1]},
			"faces": {
				"north": {"uv": [2.25, 12.4375, 2.875, 13.1875], "rotation": 90, "texture": "#0"},
				"east": {"uv": [2.25, 13.9375, 2.875, 14.3125], "rotation": 90, "texture": "#0"},
				"south": {"uv": [2.5, 14.3125, 3.125, 15.0625], "rotation": 90, "texture": "#0"},
				"west": {"uv": [2.25, 13.9375, 2.875, 14.3125], "rotation": 90, "texture": "#0"},
				"up": {"uv": [2.5, 13.1875, 2.875, 13.9375], "rotation": 90, "texture": "#0"},
				"down": {"uv": [2.125, 13.1875, 2.5, 13.9375], "rotation": 90, "texture": "#0"}
			}
		},
		{
			"from": [4.5, 0.97627, -5.60561],
			"to": [11.5, 4.47627, -3.60561],
			"rotation": {"angle": -22.5, "axis": "x", "origin": [7.5, 2.97627, -3.10561]},
			"faces": {
				"north": {"uv": [6.25, 14.6875, 7.125, 15.125], "texture": "#0"},
				"east": {"uv": [8.625, 14.625, 8.875, 15.0625], "texture": "#0"},
				"south": {"uv": [8, 15.25, 8.875, 15.6875], "texture": "#0"},
				"west": {"uv": [8.875, 14.625, 8.625, 15.0625], "texture": "#0"},
				"up": {"uv": [7.75, 14.625, 8.625, 14.875], "texture": "#0"},
				"down": {"uv": [7.75, 14.875, 8.625, 15.125], "texture": "#0"}
			}
		},
		{
			"from": [4.9, 7, -5],
			"to": [10.9, 18, -5],
			"rotation": {"angle": 0, "axis": "y", "origin": [7.9, 12, -5]},
			"faces": {
				"north": {"uv": [0, 0, 6, 11], "texture": "#1"},
				"east": {"uv": [0, 0, 0, 8], "texture": "#missing"},
				"south": {"uv": [6, 0, 0, 11], "texture": "#1"},
				"west": {"uv": [0, 0, 0, 8], "texture": "#missing"},
				"up": {"uv": [0, 6, 0, 0], "rotation": 90, "texture": "#missing"},
				"down": {"uv": [0, 0, 0, 6], "rotation": 270, "texture": "#missing"}
			}
		},
		{
			"from": [-0.5, 1, 0.5],
			"to": [2.5, 2, 3.5],
			"rotation": {"angle": 0, "axis": "y", "origin": [1, 2.625, 2]},
			"faces": {
				"north": {"uv": [1.9375, 2.8125, 2.3125, 2.9375], "texture": "#0"},
				"east": {"uv": [2.3125, 2.6875, 1.9375, 2.8125], "texture": "#0"},
				"south": {"uv": [2.3125, 2.9375, 1.9375, 3.0625], "texture": "#0"},
				"west": {"uv": [1.9375, 2.6875, 2.3125, 2.8125], "texture": "#0"},
				"up": {"uv": [3.4375, 1.5625, 3.0625, 1.9375], "texture": "#0"},
				"down": {"uv": [3.8125, 1.5625, 3.4375, 1.9375], "texture": "#0"}
			}
		},
		{
			"from": [1, 2, 0],
			"to": [1, 5.5, 4],
			"rotation": {"angle": 45, "axis": "y", "origin": [1, 2.625, 2]},
			"faces": {
				"north": {"uv": [0, 0, 0, 0.4375], "texture": "#missing"},
				"east": {"uv": [5.0625, 0.875, 4.5625, 1.3125], "texture": "#0"},
				"south": {"uv": [0, 0, 0, 0.4375], "texture": "#missing"},
				"west": {"uv": [4.5625, 0.875, 5.0625, 1.3125], "texture": "#0"},
				"up": {"uv": [0, 0, 0, 0.5], "texture": "#missing"},
				"down": {"uv": [0, 0, 0, 0.5], "texture": "#missing"}
			}
		},
		{
			"from": [1, 2, 0],
			"to": [1, 5.5, 4],
			"rotation": {"angle": -45, "axis": "y", "origin": [1, 2.625, 2]},
			"faces": {
				"north": {"uv": [0, 0, 0, 0.4375], "texture": "#missing"},
				"east": {"uv": [5.0625, 0.875, 4.5625, 1.3125], "texture": "#0"},
				"south": {"uv": [0, 0, 0, 0.4375], "texture": "#missing"},
				"west": {"uv": [4.5625, 0.875, 5.0625, 1.3125], "texture": "#0"},
				"up": {"uv": [0, 0, 0, 0.5], "texture": "#missing"},
				"down": {"uv": [0, 0, 0, 0.5], "texture": "#missing"}
			}
		},
		{
			"from": [3.5, 1.47627, -5.10561],
			"to": [4.5, 3.97627, 1.39439],
			"rotation": {"angle": -22.5, "axis": "x", "origin": [7.5, 2.97627, -3.10561]},
			"faces": {
				"north": {"uv": [8.8125, 15.6875, 8.9375, 16], "texture": "#0"},
				"east": {"uv": [8, 15.6875, 8.8125, 16], "texture": "#0"},
				"south": {"uv": [8.9375, 15.6875, 8.8125, 16], "texture": "#0"},
				"west": {"uv": [8, 15.6875, 8.8125, 16], "texture": "#0"},
				"up": {"uv": [8.9375, 15.1875, 9.0625, 16], "texture": "#0"},
				"down": {"uv": [9.0625, 15.1875, 9.1875, 16], "texture": "#0"}
			}
		},
		{
			"from": [-1.5, 6.5, -2],
			"to": [3.5, 10.5, -2],
			"rotation": {"angle": 22.5, "axis": "y", "origin": [2.5, 7.5, -2]},
			"faces": {
				"north": {"uv": [3.875, 0.8125, 4.5, 1.3125], "texture": "#0"},
				"east": {"uv": [0, 0, 0, 0.5], "texture": "#missing"},
				"south": {"uv": [4.5, 0.8125, 3.875, 1.3125], "texture": "#0"},
				"west": {"uv": [0, 0, 0, 0.5], "texture": "#missing"},
				"up": {"uv": [0, 0, 0, 0.625], "rotation": 90, "texture": "#missing"},
				"down": {"uv": [0, 0, 0, 0.625], "rotation": 270, "texture": "#missing"}
			}
		},
		{
			"from": [12.5, 6.5, -2],
			"to": [17.5, 10.5, -2],
			"rotation": {"angle": -22.5, "axis": "y", "origin": [13.5, 7.5, -2]},
			"faces": {
				"north": {"uv": [4.5, 0.8125, 3.875, 1.3125], "texture": "#0"},
				"east": {"uv": [0, 0, 0, 0.5], "texture": "#missing"},
				"south": {"uv": [3.875, 0.8125, 4.5, 1.3125], "texture": "#0"},
				"west": {"uv": [0, 0, 0, 0.5], "texture": "#missing"},
				"up": {"uv": [0, 0.625, 0, 0], "rotation": 90, "texture": "#missing"},
				"down": {"uv": [0, 0.625, 0, 0], "rotation": 270, "texture": "#missing"}
			}
		},
		{
			"from": [11.5, 1.47627, -5.10561],
			"to": [12.5, 3.97627, 1.39439],
			"rotation": {"angle": -22.5, "axis": "x", "origin": [8.5, 2.97627, -3.10561]},
			"faces": {
				"north": {"uv": [8.9375, 15.6875, 8.8125, 16], "texture": "#0"},
				"east": {"uv": [8.8125, 15.6875, 8, 16], "texture": "#0"},
				"south": {"uv": [8.9375, 15.6875, 8.8125, 16], "texture": "#0"},
				"west": {"uv": [8.8125, 15.6875, 8, 16], "texture": "#0"},
				"up": {"uv": [9.0625, 15.1875, 8.9375, 16], "texture": "#0"},
				"down": {"uv": [9.1875, 15.1875, 9.0625, 16], "texture": "#0"}
			}
		},
		{
			"from": [-1.04118, 6.75, 2.29296],
			"to": [0.45882, 9.75, 9.29296],
			"rotation": {"angle": -22.5, "axis": "y", "origin": [-1.54118, 8.2, 2.29296]},
			"faces": {
				"north": {"uv": [5.25, 6.9375, 5.4375, 7.3125], "rotation": 180, "texture": "#0"},
				"east": {"uv": [0.875, 14.1875, 1.75, 14.5625], "texture": "#0"},
				"south": {"uv": [5.25, 6.9375, 5.4375, 7.3125], "texture": "#0"},
				"west": {"uv": [0, 14.1875, 0.875, 14.5625], "texture": "#0"},
				"up": {"uv": [0.625, 14.5625, 0.8125, 15.4375], "texture": "#0"},
				"down": {"uv": [0.8125, 14.5625, 1, 15.4375], "texture": "#0"}
			}
		},
		{
			"from": [-4.70838, 6.25, 8.72111],
			"to": [-1.70838, 10.25, 12.72111],
			"rotation": {"angle": 45, "axis": "y", "origin": [-5.16682, 8.25, 11.09359]},
			"faces": {
				"north": {"uv": [3.8125, 0.375, 3.3125, 0.75], "rotation": 90, "texture": "#0"},
				"east": {"uv": [3.8125, 0.75, 3.3125, 1.25], "rotation": 270, "texture": "#0"},
				"south": {"uv": [3.8125, 0.375, 3.3125, 0.75], "rotation": 270, "texture": "#0"},
				"west": {"uv": [3.8125, 0.75, 3.3125, 1.25], "rotation": 270, "texture": "#0"},
				"up": {"uv": [3.8125, 0, 3.3125, 0.375], "rotation": 270, "texture": "#0"},
				"down": {"uv": [3.8125, 0, 3.3125, 0.375], "rotation": 270, "texture": "#0"}
			}
		},
		{
			"from": [-10.11872, 8.25, 8.43826],
			"to": [-4.11872, 8.25, 12.93826],
			"rotation": {"angle": 22.5, "axis": "y", "origin": [-5.16682, 8.25, 11.09359]},
			"faces": {
				"north": {"uv": [3.8125, 0.375, 3.3125, 0.75], "rotation": 90, "texture": "#0"},
				"east": {"uv": [3.8125, 0.75, 3.3125, 1.25], "rotation": 270, "texture": "#0"},
				"south": {"uv": [3.8125, 0.375, 3.3125, 0.75], "rotation": 270, "texture": "#0"},
				"west": {"uv": [3.8125, 0.75, 3.3125, 1.25], "rotation": 270, "texture": "#0"},
				"up": {"uv": [4.4375, 0, 3.875, 0.75], "rotation": 270, "texture": "#0"},
				"down": {"uv": [4.4375, 0.75, 3.875, 0], "rotation": 90, "texture": "#0"}
			}
		},
		{
			"from": [11.5, 5.5, -0.5],
			"to": [17.5, 10.5, 2.5],
			"rotation": {"angle": -22.5, "axis": "y", "origin": [10.5, 9.5, 1]},
			"faces": {
				"north": {"uv": [2.25, 13.1875, 2.875, 12.4375], "rotation": 90, "texture": "#0"},
				"east": {"uv": [2.25, 14.3125, 2.875, 13.9375], "rotation": 90, "texture": "#0"},
				"south": {"uv": [2.5, 15.0625, 3.125, 14.3125], "rotation": 90, "texture": "#0"},
				"west": {"uv": [2.25, 14.3125, 2.875, 13.9375], "rotation": 90, "texture": "#0"},
				"up": {"uv": [2.5, 13.9375, 2.875, 13.1875], "rotation": 90, "texture": "#0"},
				"down": {"uv": [2.125, 13.9375, 2.5, 13.1875], "rotation": 90, "texture": "#0"}
			}
		},
		{
			"from": [15.54118, 6.75, 2.29296],
			"to": [17.04118, 9.75, 9.29296],
			"rotation": {"angle": 22.5, "axis": "y", "origin": [17.54118, 8.2, 2.29296]},
			"faces": {
				"north": {"uv": [5.4375, 6.9375, 5.25, 7.3125], "rotation": 180, "texture": "#0"},
				"east": {"uv": [0.875, 14.1875, 0, 14.5625], "texture": "#0"},
				"south": {"uv": [5.4375, 6.9375, 5.25, 7.3125], "texture": "#0"},
				"west": {"uv": [1.75, 14.1875, 0.875, 14.5625], "texture": "#0"},
				"up": {"uv": [0.8125, 14.5625, 0.625, 15.4375], "texture": "#0"},
				"down": {"uv": [1, 14.5625, 0.8125, 15.4375], "texture": "#0"}
			}
		},
		{
			"from": [17.70838, 6.25, 8.72111],
			"to": [20.70838, 10.25, 12.72111],
			"rotation": {"angle": -45, "axis": "y", "origin": [21.16682, 8.25, 11.09359]},
			"faces": {
				"north": {"uv": [3.8125, 0.75, 3.3125, 0.375], "rotation": 90, "texture": "#0"},
				"east": {"uv": [3.8125, 1.25, 3.3125, 0.75], "rotation": 270, "texture": "#0"},
				"south": {"uv": [3.8125, 0.75, 3.3125, 0.375], "rotation": 270, "texture": "#0"},
				"west": {"uv": [3.8125, 1.25, 3.3125, 0.75], "rotation": 270, "texture": "#0"},
				"up": {"uv": [3.8125, 0.375, 3.3125, 0], "rotation": 270, "texture": "#0"},
				"down": {"uv": [3.8125, 0.375, 3.3125, 0], "rotation": 270, "texture": "#0"}
			}
		},
		{
			"from": [20.11872, 8.25, 8.43826],
			"to": [26.11872, 8.25, 12.93826],
			"rotation": {"angle": -22.5, "axis": "y", "origin": [21.16682, 8.25, 11.09359]},
			"faces": {
				"north": {"uv": [3.8125, 0.75, 3.3125, 0.375], "rotation": 90, "texture": "#0"},
				"east": {"uv": [3.8125, 1.25, 3.3125, 0.75], "rotation": 270, "texture": "#0"},
				"south": {"uv": [3.8125, 0.75, 3.3125, 0.375], "rotation": 270, "texture": "#0"},
				"west": {"uv": [3.8125, 1.25, 3.3125, 0.75], "rotation": 270, "texture": "#0"},
				"up": {"uv": [4.4375, 0.75, 3.875, 0], "rotation": 270, "texture": "#0"},
				"down": {"uv": [4.4375, 0, 3.875, 0.75], "rotation": 90, "texture": "#0"}
			}
		},
		{
			"from": [2.1, 12, -2.5],
			"to": [6.1, 18, -2.5],
			"rotation": {"angle": 0, "axis": "y", "origin": [4.6, 14.5, -2.2]},
			"faces": {
				"north": {"uv": [4.5625, 0, 5.0625, 0.75], "texture": "#0"},
				"east": {"uv": [1.25, 1, 1.5625, 1.625], "texture": "#0"},
				"south": {"uv": [5.0625, 0, 4.5625, 0.75], "texture": "#0"},
				"west": {"uv": [0.9375, 1, 1.25, 1.625], "texture": "#0"},
				"up": {"uv": [1.9375, 0.3125, 1.625, 0], "rotation": 90, "texture": "#0"},
				"down": {"uv": [1.9375, 0.3125, 1.625, 0], "rotation": 270, "texture": "#0"}
			}
		},
		{
			"from": [3.5, 8, -2.75],
			"to": [6, 13, -0.25],
			"rotation": {"angle": -22.5, "axis": "z", "origin": [5, 10.5, -1.2]},
			"faces": {
				"north": {"uv": [0.625, 1, 0.9375, 1.625], "texture": "#0"},
				"east": {"uv": [1.25, 1, 1.5625, 1.625], "texture": "#0"},
				"south": {"uv": [0.9375, 1, 0.625, 1.625], "texture": "#0"},
				"west": {"uv": [0.9375, 1, 1.25, 1.625], "texture": "#0"},
				"up": {"uv": [1.9375, 0.3125, 1.625, 0], "rotation": 90, "texture": "#0"},
				"down": {"uv": [1.9375, 0.3125, 1.625, 0], "rotation": 270, "texture": "#0"}
			}
		},
		{
			"from": [9.9, 12, -2.5],
			"to": [13.9, 18, -2.5],
			"rotation": {"angle": 0, "axis": "y", "origin": [11.4, 14.5, -2.2]},
			"faces": {
				"north": {"uv": [5.0625, 0, 4.5625, 0.75], "texture": "#0"},
				"east": {"uv": [1.25, 1, 0.9375, 1.625], "texture": "#0"},
				"south": {"uv": [4.5625, 0, 5.0625, 0.75], "texture": "#0"},
				"west": {"uv": [1.5625, 1, 1.25, 1.625], "texture": "#0"},
				"up": {"uv": [1.9375, 0, 1.625, 0.3125], "rotation": 90, "texture": "#0"},
				"down": {"uv": [1.9375, 0, 1.625, 0.3125], "rotation": 270, "texture": "#0"}
			}
		},
		{
			"from": [10, 8, -2.75],
			"to": [12.5, 13, -0.25],
			"rotation": {"angle": 22.5, "axis": "z", "origin": [11, 10.5, -1.2]},
			"faces": {
				"north": {"uv": [0.9375, 1, 0.625, 1.625], "texture": "#0"},
				"east": {"uv": [1.25, 1, 0.9375, 1.625], "texture": "#0"},
				"south": {"uv": [0.625, 1, 0.9375, 1.625], "texture": "#0"},
				"west": {"uv": [1.5625, 1, 1.25, 1.625], "texture": "#0"},
				"up": {"uv": [1.9375, 0, 1.625, 0.3125], "rotation": 90, "texture": "#0"},
				"down": {"uv": [1.9375, 0, 1.625, 0.3125], "rotation": 270, "texture": "#0"}
			}
		},
		{
			"from": [9.5, 2.5, -3],
			"to": [14.5, 5.5, 0],
			"rotation": {"angle": 45, "axis": "z", "origin": [7.5, 5, -1]},
			"faces": {
				"north": {"uv": [0.625, 0.625, 1, 0], "rotation": 90, "texture": "#0"},
				"east": {"uv": [0.625, 1, 1, 0.625], "rotation": 90, "texture": "#0"},
				"south": {"uv": [0.625, 0, 1, 0.625], "rotation": 90, "texture": "#0"},
				"west": {"uv": [6.3125, 2.125, 6.9375, 1.625], "rotation": 90, "texture": "#0"},
				"up": {"uv": [1, 0.75, 1.625, 0.375], "rotation": 180, "texture": "#0"},
				"down": {"uv": [1, 0.375, 1.625, 0], "texture": "#0"}
			}
		},
		{
			"from": [1.5, 2.5, -3],
			"to": [6.5, 5.5, 0],
			"rotation": {"angle": -45, "axis": "z", "origin": [8.5, 5, -1]},
			"faces": {
				"north": {"uv": [0.625, 0, 1, 0.625], "rotation": 90, "texture": "#0"},
				"east": {"uv": [6.3125, 1.625, 6.9375, 2.125], "rotation": 90, "texture": "#0"},
				"south": {"uv": [0.625, 0.625, 1, 0], "rotation": 90, "texture": "#0"},
				"west": {"uv": [0.625, 0.625, 1, 1], "rotation": 90, "texture": "#0"},
				"up": {"uv": [1.625, 0.75, 1, 0.375], "rotation": 180, "texture": "#0"},
				"down": {"uv": [1.625, 0.375, 1, 0], "texture": "#0"}
			}
		},
		{
			"from": [10.2, 4, -6],
			"to": [10.2, 8, -2],
			"rotation": {"angle": -22.5, "axis": "y", "origin": [10.2, 6, -4]},
			"faces": {
				"north": {"uv": [0, 0, 0, 12], "texture": "#missing"},
				"east": {"uv": [5.625, 0.5, 5.125, 0], "rotation": 90, "texture": "#0"},
				"south": {"uv": [0, 0, 0, 12], "rotation": 180, "texture": "#missing"},
				"west": {"uv": [5.125, 0.5, 5.625, 0], "rotation": 270, "texture": "#0"},
				"up": {"uv": [0, 0, 0, 12], "rotation": 180, "texture": "#missing"},
				"down": {"uv": [0, 0, 0, 12], "texture": "#missing"}
			}
		},
		{
			"from": [5.7, 4, -6],
			"to": [5.7, 8, -2],
			"rotation": {"angle": 22.5, "axis": "y", "origin": [5.7, 6, -4]},
			"faces": {
				"north": {"uv": [0, 0, 0, 12], "texture": "#missing"},
				"east": {"uv": [5.125, 0, 5.625, 0.5], "rotation": 270, "texture": "#0"},
				"south": {"uv": [0, 0, 0, 12], "rotation": 180, "texture": "#missing"},
				"west": {"uv": [5.625, 0, 5.125, 0.5], "rotation": 90, "texture": "#0"},
				"up": {"uv": [0, 0, 0, 12], "rotation": 180, "texture": "#missing"},
				"down": {"uv": [0, 0, 0, 12], "texture": "#missing"}
			}
		}
	],
	"display": {
		"thirdperson_righthand": {
			"translation": [0, 2, -2.5],
			"scale": [0.55, 0.55, 0.55]
		},
		"thirdperson_lefthand": {
			"translation": [0, 2, -2.5],
			"scale": [0.55, 0.55, 0.55]
		},
		"firstperson_righthand": {
			"rotation": [10, -1, 0],
			"translation": [4.75, -2.25, -8.75]
		},
		"firstperson_lefthand": {
			"rotation": [10, 9, 0],
			"translation": [-6.25, -0.75, -7.75]
		},
		"ground": {
			"translation": [0, 6, 0],
			"scale": [0.57, 0.57, 0.57]
		},
		"gui": {
			"rotation": [48, 128, 0],
			"scale": [0.55, 0.55, 0.55]
		},
		"head": {
			"translation": [0, 14, 0]
		},
		"fixed": {
			"rotation": [-90, 0, 0],
			"translation": [0, 0, -12.5],
			"scale": [1.62305, 1.62305, 1.62305]
		}
	}
}