{"credit":"Made with Blockbench","texture_size":[128,128],"textures":{"0":"elitecreatures:krampus_animated/krampus_texture","particle":"elitecreatures:krampus_animated/krampus_texture"},"elements":[{"from":[7,-12,7],"to":[9,-3,9],"rotation":{"angle":45,"axis":"y","origin":[8,-8,8]},"faces":{"north":{"uv":[3.3125,0,3.0625,1.125],"texture":"#0"},"east":{"uv":[3.0625,0,3.3125,1.125],"texture":"#0"},"south":{"uv":[3.3125,0,3.0625,1.125],"texture":"#0"},"west":{"uv":[3.0625,0,3.3125,1.125],"texture":"#0"},"up":{"uv":[4.125,0,3.875,0.25],"texture":"#0"},"down":{"uv":[4.125,0,3.875,0.25],"texture":"#0"}}},{"from":[6.75,-4,6.75],"to":[9.25,-1.5,9.25],"rotation":{"angle":45,"axis":"y","origin":[8,-7.5,8]},"faces":{"north":{"uv":[2.8125,2.5625,2.5,2.25],"texture":"#0"},"east":{"uv":[2.5,2.5625,2.8125,2.25],"texture":"#0"},"south":{"uv":[2.8125,2.5625,2.5,2.25],"texture":"#0"},"west":{"uv":[2.5,2.5625,2.8125,2.25],"texture":"#0"},"up":{"uv":[2.8125,2.875,2.5,2.5625],"texture":"#0"},"down":{"uv":[2.8125,2.875,2.5,2.5625],"texture":"#0"}}},{"from":[7.5,-3.47402,4.13102],"to":[8.5,-2.47402,6.63102],"rotation":{"angle":-22.5,"axis":"x","origin":[8,-3.37455,6.06851]},"faces":{"north":{"uv":[1.9375,0.625,1.8125,0.75],"rotation":90,"texture":"#0"},"east":{"uv":[1.9375,0.3125,1.8125,0.625],"rotation":90,"texture":"#0"},"south":{"uv":[1.9375,0.625,1.8125,0.75],"rotation":90,"texture":"#0"},"west":{"uv":[1.9375,0.625,1.8125,0.3125],"rotation":90,"texture":"#0"},"up":{"uv":[3.0625,1.5625,3.375,1.4375],"rotation":90,"texture":"#0"},"down":{"uv":[3.0625,1.5625,3.375,1.4375],"rotation":90,"texture":"#0"}}},{"from":[7.25,-4.17163,5.58785],"to":[8.75,-2.17163,8.08785],"rotation":{"angle":22.5,"axis":"x","origin":[8,-3.37455,6.06851]},"faces":{"north":{"uv":[1.375,1,1.5625,0.75],"texture":"#0"},"east":{"uv":[3.4375,1.5,3.75,1.25],"texture":"#0"},"south":{"uv":[1.375,1,1.5625,0.75],"texture":"#0"},"west":{"uv":[3.75,1.5,3.4375,1.25],"texture":"#0"},"up":{"uv":[3.4375,1.4375,3.0625,1.25],"rotation":90,"texture":"#0"},"down":{"uv":[3.4375,1.4375,3.0625,1.25],"rotation":90,"texture":"#0"}}},{"from":[7.5,-3.47402,9.36898],"to":[8.5,-2.47402,11.86898],"rotation":{"angle":22.5,"axis":"x","origin":[8,-3.37455,9.93149]},"faces":{"north":{"uv":[1.9375,0.75,1.8125,0.625],"rotation":90,"texture":"#0"},"east":{"uv":[1.9375,0.625,1.8125,0.3125],"rotation":90,"texture":"#0"},"south":{"uv":[1.9375,0.75,1.8125,0.625],"rotation":90,"texture":"#0"},"west":{"uv":[1.9375,0.3125,1.8125,0.625],"rotation":90,"texture":"#0"},"up":{"uv":[3.375,1.5625,3.0625,1.4375],"rotation":90,"texture":"#0"},"down":{"uv":[3.375,1.5625,3.0625,1.4375],"rotation":90,"texture":"#0"}}},{"from":[7.25,-4.17163,7.91215],"to":[8.75,-2.17163,10.41215],"rotation":{"angle":-22.5,"axis":"x","origin":[8,-3.37455,9.93149]},"faces":{"north":{"uv":[1.5625,1,1.375,0.75],"texture":"#0"},"east":{"uv":[3.75,1.5,3.4375,1.25],"texture":"#0"},"south":{"uv":[1.5625,1,1.375,0.75],"texture":"#0"},"west":{"uv":[3.4375,1.5,3.75,1.25],"texture":"#0"},"up":{"uv":[3.0625,1.4375,3.4375,1.25],"rotation":90,"texture":"#0"},"down":{"uv":[3.0625,1.4375,3.4375,1.25],"rotation":90,"texture":"#0"}}},{"from":[6.25,-14,6.5],"to":[10.25,-11,10.5],"rotation":{"angle":-22.5,"axis":"x","origin":[8.25,-12.5,8.5]},"faces":{"north":{"uv":[3.8125,0.75,3.3125,0.375],"texture":"#0"},"east":{"uv":[3.8125,0.375,3.3125,0],"texture":"#0"},"south":{"uv":[3.8125,0.75,3.3125,0.375],"texture":"#0"},"west":{"uv":[3.8125,0.375,3.3125,0],"texture":"#0"},"up":{"uv":[3.8125,1.25,3.3125,0.75],"texture":"#0"},"down":{"uv":[3.8125,1.25,3.3125,0.75],"texture":"#0"}}},{"from":[8.25,-12,10],"to":[8.25,-7.5,16],"rotation":{"angle":45,"axis":"x","origin":[8.25,-10,4.5]},"faces":{"north":{"uv":[3.8125,1.25,3.3125,0.75],"rotation":180,"texture":"#0"},"east":{"uv":[4.4375,0,3.875,0.75],"rotation":270,"texture":"#0"},"south":{"uv":[3.8125,1.25,3.3125,0.75],"texture":"#0"},"west":{"uv":[4.4375,0.75,3.875,0],"rotation":270,"texture":"#0"},"up":{"uv":[3.8125,0.75,3.3125,0.375],"texture":"#0"},"down":{"uv":[3.8125,0.75,3.3125,0.375],"rotation":180,"texture":"#0"}}},{"from":[8,-7,0],"to":[8,-3.5,4],"rotation":{"angle":-45,"axis":"y","origin":[8,-6.375,2]},"faces":{"north":{"uv":[0,0,0,7],"texture":"#missing"},"east":{"uv":[5.0625,0.875,4.5625,1.3125],"texture":"#0"},"south":{"uv":[0,0,0,7],"texture":"#missing"},"west":{"uv":[4.5625,0.875,5.0625,1.3125],"texture":"#0"},"up":{"uv":[0,0,0,8],"texture":"#missing"},"down":{"uv":[0,0,0,8],"texture":"#missing"}}},{"from":[8,-7,0],"to":[8,-3.5,4],"rotation":{"angle":45,"axis":"y","origin":[8,-6.375,2]},"faces":{"north":{"uv":[0,0,0,7],"texture":"#missing"},"east":{"uv":[5.0625,0.875,4.5625,1.3125],"texture":"#0"},"south":{"uv":[0,0,0,7],"texture":"#missing"},"west":{"uv":[4.5625,0.875,5.0625,1.3125],"texture":"#0"},"up":{"uv":[0,0,0,8],"texture":"#missing"},"down":{"uv":[0,0,0,8],"texture":"#missing"}}},{"from":[6.5,-8,0.5],"to":[9.5,-7,3.5],"rotation":{"angle":0,"axis":"y","origin":[8,-6.375,2]},"faces":{"north":{"uv":[2.3125,2.8125,1.9375,2.9375],"texture":"#0"},"east":{"uv":[2.3125,2.6875,1.9375,2.8125],"texture":"#0"},"south":{"uv":[1.9375,2.9375,2.3125,3.0625],"texture":"#0"},"west":{"uv":[1.9375,2.6875,2.3125,2.8125],"texture":"#0"},"up":{"uv":[3.0625,1.5625,3.4375,1.9375],"texture":"#0"},"down":{"uv":[3.4375,1.5625,3.8125,1.9375],"texture":"#0"}}},{"from":[6,-4,-2],"to":[6,0,2],"rotation":{"angle":22.5,"axis":"y","origin":[6,-2,0]},"faces":{"north":{"uv":[0,0,0,12],"texture":"#missing"},"east":{"uv":[5.125,0,5.625,0.5],"rotation":270,"texture":"#0"},"south":{"uv":[0,0,0,12],"rotation":180,"texture":"#missing"},"west":{"uv":[5.625,0,5.125,0.5],"rotation":90,"texture":"#0"},"up":{"uv":[0,0,0,12],"rotation":180,"texture":"#missing"},"down":{"uv":[0,0,0,12],"texture":"#missing"}}},{"from":[10,-4,-2],"to":[10,0,2],"rotation":{"angle":-22.5,"axis":"y","origin":[10,-2,0]},"faces":{"north":{"uv":[0,0,0,12],"texture":"#missing"},"east":{"uv":[5.625,0.5,5.125,0],"rotation":90,"texture":"#0"},"south":{"uv":[0,0,0,12],"rotation":180,"texture":"#missing"},"west":{"uv":[5.125,0.5,5.625,0],"rotation":270,"texture":"#0"},"up":{"uv":[0,0,0,12],"rotation":180,"texture":"#missing"},"down":{"uv":[0,0,0,12],"texture":"#missing"}}},{"from":[6.8,14.1,6.45],"to":[9.2,21.6,8.95],"rotation":{"angle":-22.5,"axis":"x","origin":[8,15.25,7]},"faces":{"north":{"uv":[6,5.3125,5.6875,6.25],"texture":"#0"},"east":{"uv":[6.625,4.3125,6.3125,5.25],"texture":"#0"},"south":{"uv":[5.6875,5.3125,5.375,6.25],"texture":"#0"},"west":{"uv":[6.3125,4.3125,6.625,5.25],"texture":"#0"},"up":{"uv":[6.0625,2.8125,6.375,3.125],"texture":"#0"},"down":{"uv":[6.0625,2.8125,6.375,3.125],"texture":"#0"}}},{"from":[6.25,21.23227,2.70131],"to":[9.75,25.23227,6.20131],"rotation":{"angle":-22.5,"axis":"x","origin":[8,23.23227,4.45131]},"faces":{"north":{"uv":[6.9375,4.5625,7.375,5.0625],"texture":"#0"},"east":{"uv":[6.625,2.875,6.1875,3.375],"texture":"#0"},"south":{"uv":[6.1875,3.375,6.625,3.875],"texture":"#0"},"west":{"uv":[6.1875,2.875,6.625,3.375],"texture":"#0"},"up":{"uv":[6.1875,3.875,6.625,4.3125],"texture":"#0"},"down":{"uv":[6.1875,3.875,6.625,4.3125],"texture":"#0"}}},{"from":[6.75,2.5,6.75],"to":[9.25,15,9.25],"rotation":{"angle":0,"axis":"y","origin":[8,10.25,8]},"faces":{"north":{"uv":[7.25,3,6.9375,4.5625],"texture":"#0"},"east":{"uv":[6.625,3,6.9375,4.5625],"texture":"#0"},"south":{"uv":[7.5625,3,7.25,4.5625],"texture":"#0"},"west":{"uv":[6.9375,3,6.625,4.5625],"texture":"#0"},"up":{"uv":[7.5,2.5625,7.1875,2.875],"texture":"#0"},"down":{"uv":[7.5,2.5625,7.1875,2.875],"texture":"#0"}}},{"from":[5.3,-1.5,8.5],"to":[7.3,1.5,13.5],"rotation":{"angle":-45,"axis":"x","origin":[5.3,1,6.5]},"faces":{"north":{"uv":[1.75,3.4375,2.125,3.1875],"rotation":90,"texture":"#0"},"east":{"uv":[0.625,0.625,1,0],"rotation":90,"texture":"#0"},"south":{"uv":[0.625,0.9375,1,0.6875],"rotation":90,"texture":"#0"},"west":{"uv":[0.625,0,1,0.625],"rotation":90,"texture":"#0"},"up":{"uv":[1,0.625,1.625,0.375],"rotation":270,"texture":"#0"},"down":{"uv":[1,0.25,1.625,0],"rotation":270,"texture":"#0"}}},{"from":[5.55,4,9],"to":[7.05,9,11.5],"rotation":{"angle":-22.5,"axis":"x","origin":[5.5,6.5,10]},"faces":{"north":{"uv":[1.4375,1,1.25,1.625],"texture":"#0"},"east":{"uv":[0.9375,1,0.625,1.625],"texture":"#0"},"south":{"uv":[1.1875,1,1,1.625],"texture":"#0"},"west":{"uv":[0.625,1,0.9375,1.625],"texture":"#0"},"up":{"uv":[1.8125,0,1.625,0.3125],"rotation":180,"texture":"#0"},"down":{"uv":[1.8125,0,1.625,0.3125],"rotation":180,"texture":"#0"}}},{"from":[6,8,8.9],"to":[6,14,12.9],"rotation":{"angle":-22.5,"axis":"y","origin":[6,11,10.9]},"faces":{"north":{"uv":[1.5625,1,1.25,1.625],"texture":"#0"},"east":{"uv":[5.0625,0,4.5625,0.75],"texture":"#0"},"south":{"uv":[1.25,1,0.9375,1.625],"texture":"#0"},"west":{"uv":[4.5625,0,5.0625,0.75],"texture":"#0"},"up":{"uv":[1.9375,0,1.625,0.3125],"rotation":180,"texture":"#0"},"down":{"uv":[1.9375,0,1.625,0.3125],"rotation":180,"texture":"#0"}}},{"from":[10,8,8.9],"to":[10,14,12.9],"rotation":{"angle":22.5,"axis":"y","origin":[10,11,10.9]},"faces":{"north":{"uv":[1.25,1,1.5625,1.625],"texture":"#0"},"east":{"uv":[5.0625,0,4.5625,0.75],"texture":"#0"},"south":{"uv":[0.9375,1,1.25,1.625],"texture":"#0"},"west":{"uv":[4.5625,0,5.0625,0.75],"texture":"#0"},"up":{"uv":[1.625,0,1.9375,0.3125],"rotation":180,"texture":"#0"},"down":{"uv":[1.625,0,1.9375,0.3125],"rotation":180,"texture":"#0"}}},{"from":[8.95,4,9],"to":[10.45,9,11.5],"rotation":{"angle":-22.5,"axis":"x","origin":[10.5,6.5,10]},"faces":{"north":{"uv":[1.25,1,1.4375,1.625],"texture":"#0"},"east":{"uv":[0.9375,1,0.625,1.625],"texture":"#0"},"south":{"uv":[1,1,1.1875,1.625],"texture":"#0"},"west":{"uv":[0.625,1,0.9375,1.625],"texture":"#0"},"up":{"uv":[1.625,0,1.8125,0.3125],"rotation":180,"texture":"#0"},"down":{"uv":[1.625,0,1.8125,0.3125],"rotation":180,"texture":"#0"}}},{"from":[8.7,-1.5,8.5],"to":[10.7,1.5,13.5],"rotation":{"angle":-45,"axis":"x","origin":[10.7,1,6.5]},"faces":{"north":{"uv":[1.75,3.1875,2.125,3.4375],"rotation":90,"texture":"#0"},"east":{"uv":[0.625,0.625,1,0],"rotation":90,"texture":"#0"},"south":{"uv":[0.625,0.6875,1,0.9375],"rotation":90,"texture":"#0"},"west":{"uv":[0.625,0,1,0.625],"rotation":90,"texture":"#0"},"up":{"uv":[1,0.375,1.625,0.625],"rotation":270,"texture":"#0"},"down":{"uv":[1,0,1.625,0.25],"rotation":270,"texture":"#0"}}},{"from":[6.75,8.75,4.25],"to":[9.75,10.25,7.25],"rotation":{"angle":45,"axis":"y","origin":[8,8.75,6]},"faces":{"north":{"uv":[6,5.3125,6.375,5.5],"texture":"#0"},"east":{"uv":[6.375,5.3125,6,5.5],"texture":"#0"},"south":{"uv":[6,5.875,6.375,6.0625],"texture":"#0"},"west":{"uv":[6.375,5.875,6,6.0625],"texture":"#0"},"up":{"uv":[6.375,5.5,6,5.875],"texture":"#0"},"down":{"uv":[6.375,5.875,6,5.5],"texture":"#0"}}},{"from":[6.75,15.55,3.75],"to":[9.75,17.05,6.75],"rotation":{"angle":45,"axis":"y","origin":[8,15.55,5.5]},"faces":{"north":{"uv":[6,5.3125,6.375,5.5],"texture":"#0"},"east":{"uv":[6.375,5.3125,6,5.5],"texture":"#0"},"south":{"uv":[6,5.875,6.375,6.0625],"texture":"#0"},"west":{"uv":[6.375,5.875,6,6.0625],"texture":"#0"},"up":{"uv":[6.375,5.5,6,5.875],"texture":"#0"},"down":{"uv":[6.375,5.875,6,5.5],"texture":"#0"}}},{"from":[6.25,-2.5,-1],"to":[9.75,3.5,5],"rotation":{"angle":45,"axis":"x","origin":[8,0.5,2]},"faces":{"north":{"uv":[5.4375,5.3125,5.875,4.5625],"texture":"#0"},"east":{"uv":[6.1875,4.5625,5.4375,3.8125],"texture":"#0"},"south":{"uv":[4.9375,5,5.375,5.75],"texture":"#0"},"west":{"uv":[5.4375,4.5625,6.1875,3.8125],"texture":"#0"},"up":{"uv":[5.875,5.3125,6.3125,4.5625],"texture":"#0"},"down":{"uv":[4.9375,5.75,5.375,5],"texture":"#0"}}},{"from":[8,21.24888,3.14411],"to":[8,22.24888,9.64411],"rotation":{"angle":-22.5,"axis":"x","origin":[7.05313,5.14936,3.7]},"faces":{"north":{"uv":[7.5625,0,7.6875,0],"rotation":90,"texture":"#missing"},"east":{"uv":[5.25,0.5625,5.375,1.375],"rotation":90,"texture":"#0"},"south":{"uv":[7.5625,0,7.6875,0],"rotation":90,"texture":"#missing"},"west":{"uv":[5.25,0.5625,5.375,1.375],"rotation":90,"texture":"#0"},"up":{"uv":[0,0,0.8125,0],"rotation":270,"texture":"#missing"},"down":{"uv":[0,0,0.8125,0],"rotation":270,"texture":"#missing"}}},{"from":[7,17.7,-5.8],"to":[9,20.2,-2.8],"rotation":{"angle":-22.5,"axis":"x","origin":[8,18.8,-6.3]},"faces":{"north":{"uv":[4.4375,6.1875,4.75,6.4375],"rotation":90,"texture":"#0"},"east":{"uv":[3.8125,6.1875,4.125,6.5625],"rotation":90,"texture":"#0"},"south":{"uv":[4.125,6.1875,4.4375,6.4375],"rotation":90,"texture":"#0"},"west":{"uv":[3.8125,6.1875,4.125,6.5625],"rotation":90,"texture":"#0"},"up":{"uv":[5,5.75,5.375,6],"rotation":90,"texture":"#0"},"down":{"uv":[5,6,5.375,6.25],"rotation":90,"texture":"#0"}}},{"from":[8,21.5,-7.6],"to":[8,27,-0.1],"rotation":{"angle":-22.5,"axis":"x","origin":[7.05313,7.34936,10.7]},"faces":{"north":{"uv":[10.0625,6.375,10.6875,6.375],"rotation":90,"texture":"#missing"},"east":{"uv":[6.625,0,5.6875,0.6875],"texture":"#0"},"south":{"uv":[10.0625,6.375,10.6875,6.375],"rotation":90,"texture":"#missing"},"west":{"uv":[5.6875,0,6.625,0.6875],"texture":"#0"},"up":{"uv":[2.5,6.375,3.1875,6.375],"rotation":270,"texture":"#missing"},"down":{"uv":[2.5,6.375,3.1875,6.375],"rotation":270,"texture":"#missing"}}},{"from":[6.5,-1.5,4],"to":[9.5,2.5,10],"rotation":{"angle":0,"axis":"y","origin":[8,-8.11142,7.5625]},"faces":{"north":{"uv":[5.25,2.125,5.625,1.625],"texture":"#0"},"east":{"uv":[5.25,2.125,4.5,1.625],"texture":"#0"},"south":{"uv":[5.25,2.125,5.625,1.625],"texture":"#0"},"west":{"uv":[4.5,2.125,5.25,1.625],"texture":"#0"},"up":{"uv":[5.8125,3.8125,6.1875,3.0625],"texture":"#0"},"down":{"uv":[5.4375,3.8125,5.8125,3.0625],"texture":"#0"}}},{"from":[7,-1.45,8.9],"to":[9.1,2.45,11],"rotation":{"angle":-45,"axis":"y","origin":[8,-0.75,9.9]},"faces":{"north":{"uv":[4.6875,6.125,4.4375,5.625],"texture":"#0"},"east":{"uv":[4.4375,6.125,4.6875,5.625],"texture":"#0"},"south":{"uv":[4.6875,6.125,4.4375,5.625],"texture":"#0"},"west":{"uv":[4.6875,6.125,4.4375,5.625],"texture":"#0"},"up":{"uv":[4.9375,5.875,4.6875,5.625],"texture":"#0"},"down":{"uv":[4.9375,5.875,4.6875,5.625],"texture":"#0"}}},{"from":[8,3,2.1],"to":[8,21.5,6.6],"rotation":{"angle":0,"axis":"y","origin":[7,8.5,3.6]},"faces":{"north":{"uv":[0,0,0,2.5],"texture":"#missing"},"east":{"uv":[16,0,15.4375,2.25],"texture":"#0"},"south":{"uv":[0,0,0,2.5],"texture":"#missing"},"west":{"uv":[15.4375,0,16,2.25],"texture":"#0"},"up":{"uv":[0,0,0,0.75],"texture":"#missing"},"down":{"uv":[0,0,0,0.75],"texture":"#missing"}}}],"gui_light":"front","display":{"thirdperson_righthand":{"translation":[0,5.5,1.25],"scale":[0.5,0.5,0.5]},"thirdperson_lefthand":{"translation":[0,5.5,1.25],"scale":[0.5,0.5,0.5]},"firstperson_righthand":{"rotation":[-53,0,-8],"translation":[6,3.75,-6],"scale":[0.6,0.6,0.6]},"firstperson_lefthand":{"rotation":[-53,0,-8],"translation":[6,3.75,-6],"scale":[0.6,0.6,0.6]},"ground":{"rotation":[0,0,88],"translation":[-2,2.5,0.25],"scale":[0.45,0.45,0.45]},"gui":{"rotation":[-90,45,90],"translation":[-0.5,1.5,-1.5],"scale":[0.5,0.5,0.5]},"head":{"rotation":[90,-156,90],"translation":[1,10.5,1.75],"scale":[0.6,0.6,0.6]},"fixed":{"rotation":[-90,-90,-90],"translation":[0,5.5,0.25],"scale":[1.2,1.2,1.2]}}}