{"credit":"Made with Blockbench","texture_size":[128,128],"textures":{"0":"elitecreatures:krampus_animated/krampus_texture","1":"elitecreatures:krampus_animated/krampus_animation","2":"elitecreatures:krampus_animated/krampus_animation2","particle":"elitecreatures:krampus_animated/krampus_texture"},"elements":[{"from":[6,-2.5,5],"to":[10,2.5,10],"rotation":{"angle":-45,"axis":"x","origin":[8,0.5,8]},"faces":{"north":{"uv":[0,0.625,0.625,1.125],"rotation":90,"texture":"#0"},"east":{"uv":[0,0.625,0.625,0],"rotation":90,"texture":"#0"},"south":{"uv":[0,1.125,0.625,1.625],"rotation":90,"texture":"#0"},"west":{"uv":[0,0,0.625,0.625],"rotation":90,"texture":"#0"},"up":{"uv":[0.625,1.125,0,1.625],"rotation":90,"texture":"#0"},"down":{"uv":[0,0.625,0.625,1.125],"rotation":90,"texture":"#0"}}},{"from":[6.75,4,3.5],"to":[9.25,9,6],"rotation":{"angle":22.5,"axis":"x","origin":[8.3,6.5,5]},"faces":{"north":{"uv":[1.25,1,0.9375,1.625],"texture":"#0"},"east":{"uv":[0.625,1,0.9375,1.625],"texture":"#0"},"south":{"uv":[1.5625,1,1.25,1.625],"texture":"#0"},"west":{"uv":[0.9375,1,0.625,1.625],"texture":"#0"},"up":{"uv":[1.9375,0,1.625,0.3125],"texture":"#0"},"down":{"uv":[1.9375,0,1.625,0.3125],"texture":"#0"}}},{"from":[7.25,7.21966,1.2473],"to":[8.75,18.71966,10.7473],"rotation":{"angle":0,"axis":"y","origin":[7.7,14.95175,7.56329]},"faces":{"north":{"uv":[1.1875,3.0625,1.375,1.625],"texture":"#0"},"east":{"uv":[1.1875,3.0625,0,1.625],"texture":"#0"},"south":{"uv":[1.375,3.0625,1.5625,1.625],"texture":"#0"},"west":{"uv":[0,3.0625,1.1875,1.625],"texture":"#0"},"up":{"uv":[1.5625,3.0625,1.75,1.875],"texture":"#0"},"down":{"uv":[1.5625,3.0625,1.75,1.875],"texture":"#0"}}},{"from":[7.25,2.21966,5.2473],"to":[8.75,7.21966,10.7473],"rotation":{"angle":0,"axis":"y","origin":[7.7,14.95175,8.56329]},"faces":{"north":{"uv":[2.3125,2.875,2.5,2.25],"texture":"#0"},"east":{"uv":[2.3125,2.25,3,1.625],"texture":"#0"},"south":{"uv":[2.3125,2.875,2.5,2.25],"texture":"#0"},"west":{"uv":[2.3125,2.25,3,1.625],"texture":"#0"},"up":{"uv":[3.625,1.625,3.8125,0.9375],"texture":"#0"},"down":{"uv":[3.625,1.625,3.8125,0.9375],"texture":"#0"}}},{"from":[7.3,18.71966,1.2473],"to":[8.7,24.71966,10.2473],"rotation":{"angle":22.5,"axis":"x","origin":[8,18.71966,1.2473]},"faces":{"north":{"uv":[1.5625,1.875,1.75,1.125],"texture":"#0"},"east":{"uv":[3.0625,0.75,1.9375,0],"texture":"#0"},"south":{"uv":[1.625,1.0625,1.8125,0.3125],"texture":"#0"},"west":{"uv":[1.9375,0.75,3.0625,0],"texture":"#0"},"up":{"uv":[1.75,3.0625,1.9375,1.9375],"texture":"#0"},"down":{"uv":[1.75,3.0625,1.9375,1.9375],"texture":"#0"}}},{"from":[7.35,24.26294,3.5434],"to":[8.65,31.26294,12.0434],"rotation":{"angle":45,"axis":"x","origin":[7.9,24.26294,3.5434]},"faces":{"north":{"uv":[1.8125,1.625,2,0.75],"texture":"#0"},"east":{"uv":[3.0625,1.625,2,0.75],"texture":"#0"},"south":{"uv":[1.9375,2.5,2.125,1.625],"texture":"#0"},"west":{"uv":[2,1.625,3.0625,0.75],"texture":"#0"},"up":{"uv":[2.125,2.6875,2.3125,1.625],"texture":"#0"},"down":{"uv":[2.125,2.6875,2.3125,1.625],"texture":"#0"}}},{"from":[6.5,-1.5,1.5],"to":[9.5,1.5,6.5],"rotation":{"angle":45,"axis":"x","origin":[8.5,1,8.5]},"faces":{"north":{"uv":[0.625,1,1,0.625],"rotation":90,"texture":"#0"},"east":{"uv":[0.625,0,1,0.625],"rotation":90,"texture":"#0"},"south":{"uv":[1.75,3.6875,2.375,3.1875],"rotation":90,"texture":"#0"},"west":{"uv":[0.625,0.625,1,0],"rotation":90,"texture":"#0"},"up":{"uv":[1,0.75,1.625,0.375],"rotation":90,"texture":"#0"},"down":{"uv":[1,0.375,1.625,0],"rotation":90,"texture":"#0"}}},{"from":[6.75,4,10],"to":[9.25,9,12.5],"rotation":{"angle":-22.5,"axis":"x","origin":[8.3,6.5,11]},"faces":{"north":{"uv":[1.25,1,1.5625,1.625],"texture":"#0"},"east":{"uv":[0.9375,1,0.625,1.625],"texture":"#0"},"south":{"uv":[0.9375,1,1.25,1.625],"texture":"#0"},"west":{"uv":[0.625,1,0.9375,1.625],"texture":"#0"},"up":{"uv":[1.9375,0.3125,1.625,0],"texture":"#0"},"down":{"uv":[1.9375,0.3125,1.625,0],"texture":"#0"}}},{"from":[9,8,9.9],"to":[9,14,13.9],"rotation":{"angle":0,"axis":"y","origin":[8.7,10.5,11.4]},"faces":{"north":{"uv":[1.5625,1,1.25,1.625],"texture":"#0"},"east":{"uv":[5.0625,0,4.5625,0.75],"texture":"#0"},"south":{"uv":[1.25,1,0.9375,1.625],"texture":"#0"},"west":{"uv":[4.5625,0,5.0625,0.75],"texture":"#0"},"up":{"uv":[1.625,0.3125,1.9375,0],"texture":"#0"},"down":{"uv":[1.625,0.3125,1.9375,0],"texture":"#0"}}},{"from":[7,8,9.9],"to":[7,14,13.9],"rotation":{"angle":0,"axis":"y","origin":[7.3,10.5,11.4]},"faces":{"north":{"uv":[1.25,1,1.5625,1.625],"texture":"#0"},"east":{"uv":[5.0625,0,4.5625,0.75],"texture":"#0"},"south":{"uv":[0.9375,1,1.25,1.625],"texture":"#0"},"west":{"uv":[4.5625,0,5.0625,0.75],"texture":"#0"},"up":{"uv":[1.9375,0.3125,1.625,0],"texture":"#0"},"down":{"uv":[1.9375,0.3125,1.625,0],"texture":"#0"}}},{"from":[9,8,2.1],"to":[9,14,6.1],"rotation":{"angle":0,"axis":"y","origin":[8.7,10.5,4.6]},"faces":{"north":{"uv":[0.9375,1,1.25,1.625],"texture":"#0"},"east":{"uv":[4.5625,0,5.0625,0.75],"texture":"#0"},"south":{"uv":[1.25,1,1.5625,1.625],"texture":"#0"},"west":{"uv":[5.0625,0,4.5625,0.75],"texture":"#0"},"up":{"uv":[1.625,0,1.9375,0.3125],"texture":"#0"},"down":{"uv":[1.625,0,1.9375,0.3125],"texture":"#0"}}},{"from":[7,8,2.1],"to":[7,14,6.1],"rotation":{"angle":0,"axis":"y","origin":[7.3,10.5,4.6]},"faces":{"north":{"uv":[1.25,1,0.9375,1.625],"texture":"#0"},"east":{"uv":[4.5625,0,5.0625,0.75],"texture":"#0"},"south":{"uv":[1.5625,1,1.25,1.625],"texture":"#0"},"west":{"uv":[5.0625,0,4.5625,0.75],"texture":"#0"},"up":{"uv":[1.9375,0,1.625,0.3125],"texture":"#0"},"down":{"uv":[1.9375,0,1.625,0.3125],"texture":"#0"}}},{"from":[6.5,-1.5,9.5],"to":[9.5,1.5,14.5],"rotation":{"angle":-45,"axis":"x","origin":[8.5,1,7.5]},"faces":{"north":{"uv":[1.75,3.1875,2.375,3.6875],"rotation":90,"texture":"#0"},"east":{"uv":[0.625,0.625,1,0],"rotation":90,"texture":"#0"},"south":{"uv":[0.625,0.625,1,1],"rotation":90,"texture":"#0"},"west":{"uv":[0.625,0,1,0.625],"rotation":90,"texture":"#0"},"up":{"uv":[1.625,0.75,1,0.375],"rotation":90,"texture":"#0"},"down":{"uv":[1.625,0.375,1,0],"rotation":90,"texture":"#0"}}},{"from":[7,-12,7],"to":[9,-3,9],"rotation":{"angle":45,"axis":"y","origin":[8,-8,8]},"faces":{"north":{"uv":[3.3125,0,3.0625,1.125],"texture":"#0"},"east":{"uv":[3.0625,0,3.3125,1.125],"texture":"#0"},"south":{"uv":[3.3125,0,3.0625,1.125],"texture":"#0"},"west":{"uv":[3.0625,0,3.3125,1.125],"texture":"#0"},"up":{"uv":[4.125,0,3.875,0.25],"texture":"#0"},"down":{"uv":[4.125,0,3.875,0.25],"texture":"#0"}}},{"from":[6.75,-4,6.75],"to":[9.25,-1.5,9.25],"rotation":{"angle":45,"axis":"y","origin":[8,-7.5,8]},"faces":{"north":{"uv":[2.8125,2.5625,2.5,2.25],"texture":"#0"},"east":{"uv":[2.5,2.5625,2.8125,2.25],"texture":"#0"},"south":{"uv":[2.8125,2.5625,2.5,2.25],"texture":"#0"},"west":{"uv":[2.5,2.5625,2.8125,2.25],"texture":"#0"},"up":{"uv":[2.8125,2.875,2.5,2.5625],"texture":"#0"},"down":{"uv":[2.8125,2.875,2.5,2.5625],"texture":"#0"}}},{"from":[7.25,0.32837,10.41215],"to":[8.75,2.32837,12.91215],"rotation":{"angle":-22.5,"axis":"x","origin":[8,1.12545,12.43149]},"faces":{"north":{"uv":[1.5625,1,1.375,0.75],"texture":"#0"},"east":{"uv":[3.75,1.5,3.4375,1.25],"texture":"#0"},"south":{"uv":[1.5625,1,1.375,0.75],"texture":"#0"},"west":{"uv":[3.4375,1.5,3.75,1.25],"texture":"#0"},"up":{"uv":[3.0625,1.4375,3.4375,1.25],"rotation":90,"texture":"#0"},"down":{"uv":[3.0625,1.4375,3.4375,1.25],"rotation":90,"texture":"#0"}}},{"from":[7.5,1.02598,11.86898],"to":[8.5,2.02598,14.36898],"rotation":{"angle":22.5,"axis":"x","origin":[8,1.12545,12.43149]},"faces":{"north":{"uv":[1.9375,0.75,1.8125,0.625],"rotation":90,"texture":"#0"},"east":{"uv":[1.9375,0.625,1.8125,0.3125],"rotation":90,"texture":"#0"},"south":{"uv":[1.9375,0.75,1.8125,0.625],"rotation":90,"texture":"#0"},"west":{"uv":[1.9375,0.3125,1.8125,0.625],"rotation":90,"texture":"#0"},"up":{"uv":[3.375,1.5625,3.0625,1.4375],"rotation":90,"texture":"#0"},"down":{"uv":[3.375,1.5625,3.0625,1.4375],"rotation":90,"texture":"#0"}}},{"from":[7.5,1.02598,1.63102],"to":[8.5,2.02598,4.13102],"rotation":{"angle":-22.5,"axis":"x","origin":[8,1.12545,3.56851]},"faces":{"north":{"uv":[1.9375,0.625,1.8125,0.75],"rotation":90,"texture":"#0"},"east":{"uv":[1.9375,0.3125,1.8125,0.625],"rotation":90,"texture":"#0"},"south":{"uv":[1.9375,0.625,1.8125,0.75],"rotation":90,"texture":"#0"},"west":{"uv":[1.9375,0.625,1.8125,0.3125],"rotation":90,"texture":"#0"},"up":{"uv":[3.0625,1.5625,3.375,1.4375],"rotation":90,"texture":"#0"},"down":{"uv":[3.0625,1.5625,3.375,1.4375],"rotation":90,"texture":"#0"}}},{"from":[7.25,0.32837,3.08785],"to":[8.75,2.32837,5.58785],"rotation":{"angle":22.5,"axis":"x","origin":[8,1.12545,3.56851]},"faces":{"north":{"uv":[1.375,1,1.5625,0.75],"texture":"#0"},"east":{"uv":[3.4375,1.5,3.75,1.25],"texture":"#0"},"south":{"uv":[1.375,1,1.5625,0.75],"texture":"#0"},"west":{"uv":[3.75,1.5,3.4375,1.25],"texture":"#0"},"up":{"uv":[3.4375,1.4375,3.0625,1.25],"rotation":90,"texture":"#0"},"down":{"uv":[3.4375,1.4375,3.0625,1.25],"rotation":90,"texture":"#0"}}},{"from":[6.25,-14,6.5],"to":[10.25,-11,10.5],"rotation":{"angle":-22.5,"axis":"x","origin":[8.25,-12.5,8.5]},"faces":{"north":{"uv":[3.8125,0.75,3.3125,0.375],"texture":"#0"},"east":{"uv":[3.8125,0.375,3.3125,0],"texture":"#0"},"south":{"uv":[3.8125,0.75,3.3125,0.375],"texture":"#0"},"west":{"uv":[3.8125,0.375,3.3125,0],"texture":"#0"},"up":{"uv":[3.8125,1.25,3.3125,0.75],"texture":"#0"},"down":{"uv":[3.8125,1.25,3.3125,0.75],"texture":"#0"}}},{"from":[8.25,-12,10],"to":[8.25,-7.5,16],"rotation":{"angle":45,"axis":"x","origin":[8.25,-10,4.5]},"faces":{"north":{"uv":[3.8125,1.25,3.3125,0.75],"rotation":180,"texture":"#0"},"east":{"uv":[4.4375,0,3.875,0.75],"rotation":270,"texture":"#0"},"south":{"uv":[3.8125,1.25,3.3125,0.75],"texture":"#0"},"west":{"uv":[4.4375,0.75,3.875,0],"rotation":270,"texture":"#0"},"up":{"uv":[3.8125,0.75,3.3125,0.375],"texture":"#0"},"down":{"uv":[3.8125,0.75,3.3125,0.375],"rotation":180,"texture":"#0"}}},{"from":[9,-2,10],"to":[9,2,15],"rotation":{"angle":0,"axis":"y","origin":[9,-1,11]},"faces":{"north":{"uv":[0,0,0,0.5],"texture":"#missing"},"east":{"uv":[4.5,0.8125,3.875,1.3125],"texture":"#0"},"south":{"uv":[0,0,0,0.5],"texture":"#missing"},"west":{"uv":[3.875,0.8125,4.5,1.3125],"texture":"#0"},"up":{"uv":[0,0,0,0.625],"texture":"#missing"},"down":{"uv":[0,0,0,0.625],"texture":"#missing"}}},{"from":[7,-2,10],"to":[7,2,15],"rotation":{"angle":0,"axis":"y","origin":[7,-1,11]},"faces":{"north":{"uv":[0,0,0,0.5],"texture":"#missing"},"east":{"uv":[4.5,0.8125,3.875,1.3125],"texture":"#0"},"south":{"uv":[0,0,0,0.5],"texture":"#missing"},"west":{"uv":[3.875,0.8125,4.5,1.3125],"texture":"#0"},"up":{"uv":[0,0,0,0.625],"texture":"#missing"},"down":{"uv":[0,0,0,0.625],"texture":"#missing"}}},{"from":[7,-2,1],"to":[7,2,6],"rotation":{"angle":0,"axis":"y","origin":[7,-1,5]},"faces":{"north":{"uv":[0,0,0,0.5],"texture":"#missing"},"east":{"uv":[3.875,0.8125,4.5,1.3125],"texture":"#0"},"south":{"uv":[0,0,0,0.5],"texture":"#missing"},"west":{"uv":[4.5,0.8125,3.875,1.3125],"texture":"#0"},"up":{"uv":[0,0.625,0,0],"texture":"#missing"},"down":{"uv":[0,0.625,0,0],"texture":"#missing"}}},{"from":[9,-2,1],"to":[9,2,6],"rotation":{"angle":0,"axis":"y","origin":[9,-1,5]},"faces":{"north":{"uv":[0,0,0,0.5],"texture":"#missing"},"east":{"uv":[3.875,0.8125,4.5,1.3125],"texture":"#0"},"south":{"uv":[0,0,0,0.5],"texture":"#missing"},"west":{"uv":[4.5,0.8125,3.875,1.3125],"texture":"#0"},"up":{"uv":[0,0.625,0,0],"texture":"#missing"},"down":{"uv":[0,0.625,0,0],"texture":"#missing"}}},{"from":[8,-4,1],"to":[8,-0.5,5],"rotation":{"angle":-45,"axis":"y","origin":[8,-3.375,3]},"faces":{"north":{"uv":[0,0,0,0.4375],"texture":"#missing"},"east":{"uv":[5.0625,0.875,4.5625,1.3125],"texture":"#0"},"south":{"uv":[0,0,0,0.4375],"texture":"#missing"},"west":{"uv":[4.5625,0.875,5.0625,1.3125],"texture":"#0"},"up":{"uv":[0,0,0,0.5],"texture":"#missing"},"down":{"uv":[0,0,0,0.5],"texture":"#missing"}}},{"from":[8,-4,1],"to":[8,-0.5,5],"rotation":{"angle":45,"axis":"y","origin":[8,-3.375,3]},"faces":{"north":{"uv":[0,0,0,0.4375],"texture":"#missing"},"east":{"uv":[5.0625,0.875,4.5625,1.3125],"texture":"#0"},"south":{"uv":[0,0,0,0.4375],"texture":"#missing"},"west":{"uv":[4.5625,0.875,5.0625,1.3125],"texture":"#0"},"up":{"uv":[0,0,0,0.5],"texture":"#missing"},"down":{"uv":[0,0,0,0.5],"texture":"#missing"}}},{"from":[6.5,-5,1.5],"to":[9.5,-4,4.5],"rotation":{"angle":0,"axis":"y","origin":[8,-3.375,3]},"faces":{"north":{"uv":[2.3125,2.8125,1.9375,2.9375],"texture":"#0"},"east":{"uv":[2.3125,2.6875,1.9375,2.8125],"texture":"#0"},"south":{"uv":[1.9375,2.9375,2.3125,3.0625],"texture":"#0"},"west":{"uv":[1.9375,2.6875,2.3125,2.8125],"texture":"#0"},"up":{"uv":[3.0625,1.5625,3.4375,1.9375],"texture":"#0"},"down":{"uv":[3.4375,1.5625,3.8125,1.9375],"texture":"#0"}}},{"from":[5.9,2,5],"to":[5.9,13,11],"rotation":{"angle":0,"axis":"y","origin":[5.9,7,8]},"faces":{"north":{"uv":[0,0,0,8],"texture":"#missing"},"east":{"uv":[6,0,0,11],"texture":"#1"},"south":{"uv":[0,0,0,8],"texture":"#missing"},"west":{"uv":[0,0,6,11],"texture":"#1"},"up":{"uv":[0,6,0,0],"texture":"#missing"},"down":{"uv":[0,0,0,6],"texture":"#missing"}}},{"from":[10.1,2,5],"to":[10.1,13,11],"rotation":{"angle":0,"axis":"y","origin":[10.1,7,8]},"faces":{"north":{"uv":[0,0,0,8],"texture":"#missing"},"east":{"uv":[6,0,0,11],"texture":"#1"},"south":{"uv":[0,0,0,8],"texture":"#missing"},"west":{"uv":[0,0,6,11],"texture":"#1"},"up":{"uv":[0,6,0,0],"texture":"#missing"},"down":{"uv":[0,0,0,6],"texture":"#missing"}}},{"from":[3.7,-4,10],"to":[7.7,0,10],"rotation":{"angle":22.5,"axis":"y","origin":[5.7,-2,10]},"faces":{"north":{"uv":[5.125,0,5.625,0.5],"rotation":270,"texture":"#0"},"east":{"uv":[0,0,0,12],"rotation":180,"texture":"#missing"},"south":{"uv":[5.625,0,5.125,0.5],"rotation":90,"texture":"#0"},"west":{"uv":[0,0,0,12],"texture":"#missing"},"up":{"uv":[0,0,0,12],"rotation":90,"texture":"#missing"},"down":{"uv":[0,0,0,12],"rotation":90,"texture":"#missing"}}},{"from":[8.3,-4,10],"to":[12.3,0,10],"rotation":{"angle":-22.5,"axis":"y","origin":[10.3,-2,10]},"faces":{"north":{"uv":[5.125,0.5,5.625,0],"rotation":270,"texture":"#0"},"east":{"uv":[0,0,0,12],"texture":"#missing"},"south":{"uv":[5.625,0.5,5.125,0],"rotation":90,"texture":"#0"},"west":{"uv":[0,0,0,12],"rotation":180,"texture":"#missing"},"up":{"uv":[0,12,0,0],"rotation":90,"texture":"#missing"},"down":{"uv":[0,12,0,0],"rotation":90,"texture":"#missing"}}},{"from":[8.3,-4,6],"to":[12.3,0,6],"rotation":{"angle":22.5,"axis":"y","origin":[10.3,-2,6]},"faces":{"north":{"uv":[5.625,0,5.125,0.5],"rotation":90,"texture":"#0"},"east":{"uv":[0,0,0,12],"texture":"#missing"},"south":{"uv":[5.125,0,5.625,0.5],"rotation":270,"texture":"#0"},"west":{"uv":[0,0,0,12],"rotation":180,"texture":"#missing"},"up":{"uv":[0,12,0,0],"rotation":90,"texture":"#missing"},"down":{"uv":[0,12,0,0],"rotation":90,"texture":"#missing"}}},{"from":[10.1,-2.5,5],"to":[10.1,2.5,10],"rotation":{"angle":-45,"axis":"x","origin":[8.1,0.5,8]},"faces":{"north":{"uv":[0,0,0,10],"texture":"#2"},"east":{"uv":[10,0,0,10],"texture":"#2"},"south":{"uv":[0,0,0,10],"texture":"#2"},"west":{"uv":[0,0,10,10],"texture":"#2"},"up":{"uv":[0,10,0,0],"texture":"#2"},"down":{"uv":[0,0,0,10],"texture":"#2"}}},{"from":[3.7,-4,6],"to":[7.7,0,6],"rotation":{"angle":-22.5,"axis":"y","origin":[5.7,-2,6]},"faces":{"north":{"uv":[5.625,0.5,5.125,0],"rotation":90,"texture":"#0"},"east":{"uv":[0,0,0,12],"rotation":180,"texture":"#missing"},"south":{"uv":[5.125,0.5,5.625,0],"rotation":270,"texture":"#0"},"west":{"uv":[0,0,0,12],"texture":"#missing"},"up":{"uv":[0,0,0,12],"rotation":90,"texture":"#missing"},"down":{"uv":[0,0,0,12],"rotation":90,"texture":"#missing"}}},{"from":[5.9,-2.5,5],"to":[5.9,2.5,10],"rotation":{"angle":-45,"axis":"x","origin":[7.9,0.5,8]},"faces":{"north":{"uv":[0,0,0,10],"texture":"#2"},"east":{"uv":[10,0,0,10],"texture":"#2"},"south":{"uv":[0,0,0,10],"texture":"#2"},"west":{"uv":[0,0,10,10],"texture":"#2"},"up":{"uv":[0,10,0,0],"texture":"#2"},"down":{"uv":[0,0,0,10],"texture":"#2"}}}],"gui_light":"front","display":{"thirdperson_righthand":{"translation":[0,7.5,1.25],"scale":[0.6,0.6,0.6]},"thirdperson_lefthand":{"translation":[0,7.5,1.25],"scale":[0.6,0.6,0.6]},"firstperson_righthand":{"rotation":[-10,7,2],"translation":[5,3.75,-4.25],"scale":[0.6,0.6,0.6]},"firstperson_lefthand":{"rotation":[-10,7,2],"translation":[5,3.75,-4.25],"scale":[0.6,0.6,0.6]},"ground":{"rotation":[0,0,88],"translation":[-2,2.5,0.25],"scale":[0.45,0.45,0.45]},"gui":{"rotation":[-90,-135,-90],"translation":[-0.5,0.75,-1.5],"scale":[0.45,0.45,0.45]},"head":{"rotation":[90,-156,90],"translation":[-6.5,10.5,1.75],"scale":[0.6,0.6,0.6]},"fixed":{"rotation":[-90,-90,-90],"translation":[0,2.75,-1.75],"scale":[1.2,1.2,1.2]}}}