{
  "providers": [

    {
      "type": "bitmap",
      "file": "cubeworld:ui/chest.png",
      "chars": [""],
      "height": 9,
      "ascent": 8
    },
    {
      "type": "bitmap",
      "file": "cubeworld:ui/helmet.png",
      "chars": [""],
      "height": 9,
      "ascent": 8
    },
    {
      "type": "bitmap",
      "file": "cubeworld:ui/anchor.png",
      "chars": [""],
      "height": 9,
      "ascent": 8
    },
    {
      "type": "bitmap",
      "file": "cubeworld:ui/flag.png",
      "chars": [""],
      "height": 9,
      "ascent": 8
    },

    {
      "type": "bitmap",
      "file": "cubeworld:ui/medal_gold.png",
      "chars": [""],
      "height": 9,
      "ascent": 8
    },
    {
      "type": "bitmap",
      "file": "cubeworld:ui/emerald.png",
      "chars": [""],
      "height": 9,
      "ascent": 8
    },
    {
      "type": "bitmap",
      "file": "cubeworld:ui/fire.png",
      "chars": [""],
      "height": 9,
      "ascent": 8
    },
    {
      "type": "bitmap",
      "file": "cubeworld:ui/leaf.png",
      "chars": [""],
      "height": 9,
      "ascent": 8
    },

    {
      "type": "bitmap",
      "file": "cubeworld:ui/cog.png",
      "chars": [""],
      "height": 9,
      "ascent": 8
    },
    {
      "type": "bitmap",
      "file": "cubeworld:ui/compass.png",
      "chars": [""],
      "height": 9,
      "ascent": 8
    },
    {
      "type": "bitmap",
      "file": "cubeworld:ui/earth.png",
      "chars": [""],
      "height": 9,
      "ascent": 8
    }

  ]
}
