{"credit":"Made by PolygonMC","texture_size":[40,40],"textures":{"0":"azureset:helmet","1":"azureset:animations/animations_3","2":"azureset:animations/animations_2","particle":"azureset:animations/animations_3"},"elements":[{"from":[3,2.5,3],"to":[5.5,5.5,4],"rotation":{"angle":0,"axis":"y","origin":[0,2.5,0]},"faces":{"north":{"uv":[4,11.2,5,12.4],"texture":"#0","tintindex":0},"south":{"uv":[5.2,11.2,6.2,12.4],"texture":"#0","tintindex":0},"west":{"uv":[12.4,10.8,12.8,12],"texture":"#0","tintindex":0},"up":{"uv":[11.4,13.2,10.4,12.8],"texture":"#0","tintindex":0},"down":{"uv":[13.8,10.8,12.8,11.2],"texture":"#0","tintindex":0}}},{"from":[5.5,1.5,3],"to":[6.5,5.5,4],"rotation":{"angle":0,"axis":"y","origin":[0,2.5,0]},"faces":{"north":{"uv":[8,12.4,8.4,14],"texture":"#0","tintindex":0},"east":{"uv":[8.4,12.4,8.8,14],"texture":"#0","tintindex":0},"south":{"uv":[8.8,12.4,9.2,14],"texture":"#0","tintindex":0},"west":{"uv":[9.2,12.4,9.6,14],"texture":"#0","tintindex":0},"up":{"uv":[11.6,3.6,11.2,3.2],"texture":"#0","tintindex":0},"down":{"uv":[2.4,12.8,2,13.2],"texture":"#0","tintindex":0}}},{"from":[3,2.5,12],"to":[13,11.5,13],"rotation":{"angle":0,"axis":"y","origin":[16,2.5,16]},"faces":{"north":{"uv":[4,0,8,3.6],"texture":"#0","tintindex":0},"east":{"uv":[2.8,9.2,3.2,12.8],"texture":"#0","tintindex":0},"south":{"uv":[4,3.6,8,7.2],"texture":"#0","tintindex":0},"west":{"uv":[0,10,0.4,13.6],"texture":"#0","tintindex":0},"up":{"uv":[13.6,10,9.6,9.6],"texture":"#0","tintindex":0},"down":{"uv":[14,5.2,10,5.6],"texture":"#0","tintindex":0}}},{"from":[5.5,8.70711,3.005],"to":[7,9.70711,3.995],"rotation":{"angle":45,"axis":"z","origin":[6,9.20711,3.5]},"faces":{"north":{"uv":[13.2,0.8,13.8,1.2],"texture":"#0","tintindex":0},"south":{"uv":[13.2,1.6,13.8,2],"texture":"#0","tintindex":0},"down":{"uv":[13.8,2,13.2,2.4],"texture":"#0","tintindex":0}}},{"from":[6,9.5,3],"to":[10,11.5,4],"rotation":{"angle":0,"axis":"y","origin":[16,2.5,16]},"faces":{"north":{"uv":[10.8,6.4,12.4,7.2],"texture":"#0","tintindex":0},"south":{"uv":[1.2,11.2,2.8,12],"texture":"#0","tintindex":0},"up":{"uv":[11.6,9.6,10,9.2],"texture":"#0","tintindex":0},"down":{"uv":[13.2,9.2,11.6,9.6],"texture":"#0","tintindex":0}}},{"from":[3,8.5,3],"to":[6,11.5,4],"rotation":{"angle":0,"axis":"y","origin":[16,2.5,16]},"faces":{"north":{"uv":[0.4,10,1.6,11.2],"texture":"#0","tintindex":0},"east":{"uv":[1.2,12.8,1.6,14],"texture":"#0","tintindex":0},"south":{"uv":[1.6,10,2.8,11.2],"texture":"#0","tintindex":0},"west":{"uv":[1.6,12.8,2,14],"texture":"#0","tintindex":0},"up":{"uv":[13.2,8.4,12,8],"texture":"#0","tintindex":0},"down":{"uv":[13.6,4.8,12.4,5.2],"texture":"#0","tintindex":0}}},{"from":[3,11.5,3],"to":[13,12.5,13],"rotation":{"angle":0,"axis":"y","origin":[16,2.5,16]},"faces":{"north":{"uv":[10,5.6,14,6],"texture":"#0","tintindex":0},"east":{"uv":[10,6,14,6.4],"texture":"#0","tintindex":0},"south":{"uv":[10,8.4,14,8.8],"texture":"#0","tintindex":0},"west":{"uv":[10,8.8,14,9.2],"texture":"#0","tintindex":0},"up":{"uv":[4,4,0,0],"texture":"#0","tintindex":0},"down":{"uv":[4,4,0,8],"texture":"#0","tintindex":0}}},{"from":[3,5.5,7],"to":[4,8.5,12],"rotation":{"angle":0,"axis":"y","origin":[3.5,4.5,10]},"faces":{"north":{"uv":[12.8,0,13.2,1.2],"texture":"#0","tintindex":0},"east":{"uv":[8,5.2,10,6.4],"texture":"#0","tintindex":0},"west":{"uv":[8,8.4,10,9.6],"texture":"#0","tintindex":0},"up":{"uv":[2.8,14,2.4,12],"texture":"#0","tintindex":0},"down":{"uv":[12.4,10,12,12],"texture":"#0","tintindex":0}}},{"from":[3,2.5,4],"to":[4,5.5,12],"rotation":{"angle":0,"axis":"y","origin":[3.5,4.5,10]},"faces":{"east":{"uv":[0,8,3.2,9.2],"texture":"#0","tintindex":0},"west":{"uv":[8,0,11.2,1.2],"texture":"#0","tintindex":0},"up":{"uv":[11.6,3.2,11.2,0],"texture":"#0","tintindex":0},"down":{"uv":[0.8,11.2,0.4,14.4],"texture":"#0","tintindex":0}}},{"from":[3,8.5,4],"to":[4,11.5,12],"rotation":{"angle":0,"axis":"y","origin":[3.5,4.5,10]},"faces":{"east":{"uv":[8,1.2,11.2,2.4],"texture":"#0","tintindex":0},"west":{"uv":[8,2.4,11.2,3.6],"texture":"#0","tintindex":0},"down":{"uv":[1.2,11.2,0.8,14.4],"texture":"#0","tintindex":0}}},{"from":[2,9,2],"to":[4,11,11],"faces":{"north":{"uv":[10.4,12,11.2,12.8],"texture":"#0","tintindex":0},"east":{"uv":[8,3.6,11.6,4.4],"texture":"#0","tintindex":0},"south":{"uv":[11.2,12,12,12.8],"texture":"#0","tintindex":0},"west":{"uv":[8,4.4,11.6,5.2],"texture":"#0","tintindex":0},"up":{"uv":[4,11.6,3.2,8],"texture":"#0","tintindex":0},"down":{"uv":[8,8.4,7.2,12],"texture":"#0","tintindex":0}}},{"from":[9,8.70711,3.005],"to":[10.5,9.70711,3.995],"rotation":{"angle":-45,"axis":"z","origin":[10,9.20711,3.5]},"faces":{"north":{"uv":[13.8,0.8,13.2,1.2],"texture":"#0","tintindex":0},"south":{"uv":[13.8,1.6,13.2,2],"texture":"#0","tintindex":0},"down":{"uv":[13.2,2,13.8,2.4],"texture":"#0","tintindex":0}}},{"from":[10,8.5,3],"to":[13,11.5,4],"rotation":{"angle":0,"axis":"y","origin":[0,2.5,16]},"faces":{"north":{"uv":[1.6,10,0.4,11.2],"texture":"#0","tintindex":0},"east":{"uv":[2,12.8,1.6,14],"texture":"#0","tintindex":0},"south":{"uv":[2.8,10,1.6,11.2],"texture":"#0","tintindex":0},"west":{"uv":[1.6,12.8,1.2,14],"texture":"#0","tintindex":0},"up":{"uv":[12,8.4,13.2,8],"texture":"#0","tintindex":0},"down":{"uv":[12.4,4.8,13.6,5.2],"texture":"#0","tintindex":0}}},{"from":[12,9,2],"to":[14,11,11],"rotation":{"angle":0,"axis":"y","origin":[16,0,0]},"faces":{"north":{"uv":[11.2,12,10.4,12.8],"texture":"#0","tintindex":0},"east":{"uv":[11.6,4.4,8,5.2],"texture":"#0","tintindex":0},"south":{"uv":[12,12,11.2,12.8],"texture":"#0","tintindex":0},"west":{"uv":[11.6,3.6,8,4.4],"texture":"#0","tintindex":0},"up":{"uv":[3.2,11.6,4,8],"texture":"#0","tintindex":0},"down":{"uv":[7.2,8.4,8,12],"texture":"#0","tintindex":0}}},{"from":[12,8.5,4],"to":[13,11.5,12],"rotation":{"angle":0,"axis":"y","origin":[12.5,4.5,10]},"faces":{"east":{"uv":[11.2,2.4,8,3.6],"texture":"#0","tintindex":0},"west":{"uv":[11.2,1.2,8,2.4],"texture":"#0","tintindex":0},"down":{"uv":[0.8,11.2,1.2,14.4],"texture":"#0","tintindex":0}}},{"from":[12,5.5,7],"to":[13,8.5,12],"rotation":{"angle":0,"axis":"y","origin":[12.5,4.5,10]},"faces":{"north":{"uv":[13.2,0,12.8,1.2],"texture":"#0","tintindex":0},"east":{"uv":[10,8.4,8,9.6],"texture":"#0","tintindex":0},"west":{"uv":[10,5.2,8,6.4],"texture":"#0","tintindex":0},"up":{"uv":[2.4,14,2.8,12],"texture":"#0","tintindex":0},"down":{"uv":[12,10,12.4,12],"texture":"#0","tintindex":0}}},{"from":[12,2.5,4],"to":[13,5.5,12],"rotation":{"angle":0,"axis":"y","origin":[12.5,4.5,10]},"faces":{"east":{"uv":[11.2,0,8,1.2],"texture":"#0","tintindex":0},"west":{"uv":[3.2,8,0,9.2],"texture":"#0","tintindex":0},"up":{"uv":[11.2,3.2,11.6,0],"texture":"#0","tintindex":0},"down":{"uv":[0.4,11.2,0.8,14.4],"texture":"#0","tintindex":0}}},{"from":[10.5,2.5,3],"to":[13,5.5,4],"rotation":{"angle":0,"axis":"y","origin":[16,2.5,0]},"faces":{"north":{"uv":[5,11.2,4,12.4],"texture":"#0","tintindex":0},"east":{"uv":[12.8,10.8,12.4,12],"texture":"#0","tintindex":0},"south":{"uv":[6.2,11.2,5.2,12.4],"texture":"#0","tintindex":0},"up":{"uv":[10.4,13.2,11.4,12.8],"texture":"#0","tintindex":0},"down":{"uv":[12.8,10.8,13.8,11.2],"texture":"#0","tintindex":0}}},{"from":[9.5,1.5,3],"to":[10.5,5.5,4],"rotation":{"angle":0,"axis":"y","origin":[16,2.5,0]},"faces":{"north":{"uv":[8.4,12.4,8,14],"texture":"#0","tintindex":0},"east":{"uv":[9.6,12.4,9.2,14],"texture":"#0","tintindex":0},"south":{"uv":[9.2,12.4,8.8,14],"texture":"#0","tintindex":0},"west":{"uv":[8.8,12.4,8.4,14],"texture":"#0","tintindex":0},"up":{"uv":[11.2,3.6,11.6,3.2],"texture":"#0","tintindex":0},"down":{"uv":[2,12.8,2.4,13.2],"texture":"#0","tintindex":0}}},{"from":[1.25,0.25,13.25],"to":[3.25,2.25,15.25],"rotation":{"angle":-22.5,"axis":"x","origin":[0,0,0]},"faces":{"north":{"uv":[4,12.4,4.8,13.2],"texture":"#0","tintindex":0},"east":{"uv":[12.4,4,13.2,4.8],"texture":"#0","tintindex":0},"south":{"uv":[4.8,12.4,5.6,13.2],"texture":"#0","tintindex":0},"west":{"uv":[5.6,12.4,6.4,13.2],"texture":"#0","tintindex":0},"up":{"uv":[7.2,13.2,6.4,12.4],"texture":"#0","tintindex":0},"down":{"uv":[13.2,6.4,12.4,7.2],"texture":"#0","tintindex":0}}},{"from":[1.45,0.45,12.75],"to":[3.05,2.05,13.25],"rotation":{"angle":-22.5,"axis":"x","origin":[0,0,0]},"faces":{"north":{"uv":[12.8,11.2,13.4,11.8],"texture":"#0","tintindex":0},"east":{"uv":[3.6,13.2,3.8,13.8],"texture":"#0","tintindex":0},"south":{"uv":[11.6,12.8,12.2,13.4],"texture":"#0","tintindex":0},"west":{"uv":[13.2,3.6,13.4,4.2],"texture":"#0","tintindex":0},"up":{"uv":[4.6,13.4,4,13.2],"texture":"#0","tintindex":0},"down":{"uv":[13.8,4.4,13.2,4.6],"texture":"#0","tintindex":0}}},{"from":[1.25,0.25,9.75],"to":[3.25,2.25,12.75],"rotation":{"angle":-22.5,"axis":"x","origin":[0,0,0]},"faces":{"north":{"uv":[12.4,2.4,13.2,3.2],"texture":"#0","tintindex":0},"east":{"uv":[1.2,12,2.4,12.8],"texture":"#0","tintindex":0},"south":{"uv":[12.4,3.2,13.2,4],"texture":"#0","tintindex":0},"west":{"uv":[12,7.2,13.2,8],"texture":"#0","tintindex":0},"up":{"uv":[8,13.2,7.2,12],"texture":"#0","tintindex":0},"down":{"uv":[10.4,12,9.6,13.2],"texture":"#0","tintindex":0}}},{"from":[0.75,0.75,7.75],"to":[2.75,1.75,10.75],"rotation":{"angle":-22.5,"axis":"x","origin":[0,0,0]},"faces":{"north":{"uv":[13.2,0,14,0.4],"texture":"#0","tintindex":0},"east":{"uv":[12.8,1.2,14,1.6],"texture":"#0","tintindex":0},"south":{"uv":[13.2,0.4,14,0.8],"texture":"#0","tintindex":0},"west":{"uv":[2.8,12.8,4,13.2],"texture":"#0","tintindex":0},"up":{"uv":[4,12.8,3.2,11.6],"texture":"#0","tintindex":0},"down":{"uv":[12.4,4,11.6,5.2],"texture":"#0","tintindex":0}}},{"from":[1.25,0.25,6.25],"to":[3.25,2.25,9.25],"rotation":{"angle":-22.5,"axis":"x","origin":[0,0,0]},"faces":{"north":{"uv":[12,12,12.8,12.8],"texture":"#0","tintindex":0},"east":{"uv":[11.6,0,12.8,0.8],"texture":"#0","tintindex":0},"south":{"uv":[12.4,1.6,13.2,2.4],"texture":"#0","tintindex":0},"west":{"uv":[11.6,0.8,12.8,1.6],"texture":"#0","tintindex":0},"up":{"uv":[12.4,2.8,11.6,1.6],"texture":"#0","tintindex":0},"down":{"uv":[12.4,2.8,11.6,4],"texture":"#0","tintindex":0}}},{"from":[6.5,9.75,2.025],"to":[9.5,12.75,4.025],"rotation":{"angle":-45,"axis":"z","origin":[8,11.25,3.025]},"faces":{"north":{"uv":[9.6,10,10.8,11.2],"texture":"#0","tintindex":0},"east":{"uv":[6.4,11.2,7.2,12.4],"texture":"#0","tintindex":0},"south":{"uv":[10.8,10,12,11.2],"texture":"#0","tintindex":0},"west":{"uv":[11.2,7.2,12,8.4],"texture":"#0","tintindex":0},"up":{"uv":[10.8,12,9.6,11.2],"texture":"#0","tintindex":0},"down":{"uv":[12,11.2,10.8,12],"texture":"#0","tintindex":0}}},{"from":[7,10.25,1.525],"to":[9,12.25,2.025],"rotation":{"angle":-45,"axis":"z","origin":[8,11.25,3.025]},"faces":{"north":{"uv":[12.4,10,13.2,10.8],"texture":"#0","tintindex":0},"east":{"uv":[2,13.2,2.2,14],"texture":"#0","tintindex":0},"west":{"uv":[13.2,2.4,13.4,3.2],"texture":"#0","tintindex":0},"up":{"uv":[3.6,13.4,2.8,13.2],"texture":"#0","tintindex":0},"down":{"uv":[14,3.2,13.2,3.4],"texture":"#0","tintindex":0}}},{"from":[4,12,2.45],"to":[5.5,13.5,9.45],"rotation":{"angle":22.5,"axis":"z","origin":[5,12.5,3.5]},"faces":{"north":{"uv":[12.8,12,13.4,12.6],"texture":"#0","tintindex":0},"east":{"uv":[8,6.4,10.8,7],"texture":"#0","tintindex":0},"south":{"uv":[12.4,12.8,13,13.4],"texture":"#0","tintindex":0},"west":{"uv":[0,9.2,2.8,9.8],"texture":"#0","tintindex":0},"up":{"uv":[8.6,12.4,8,9.6],"texture":"#0","tintindex":0},"down":{"uv":[9.4,9.6,8.8,12.4],"texture":"#0","tintindex":0}}},{"from":[12.75,0.25,6.25],"to":[14.75,2.25,9.25],"rotation":{"angle":-22.5,"axis":"x","origin":[16,0,0]},"faces":{"north":{"uv":[12.8,12,12,12.8],"texture":"#0","tintindex":0},"east":{"uv":[12.8,0.8,11.6,1.6],"texture":"#0","tintindex":0},"south":{"uv":[13.2,1.6,12.4,2.4],"texture":"#0","tintindex":0},"west":{"uv":[12.8,0,11.6,0.8],"texture":"#0","tintindex":0},"up":{"uv":[11.6,2.8,12.4,1.6],"texture":"#0","tintindex":0},"down":{"uv":[11.6,2.8,12.4,4],"texture":"#0","tintindex":0}}},{"from":[13.25,0.75,7.75],"to":[15.25,1.75,10.75],"rotation":{"angle":-22.5,"axis":"x","origin":[16,0,0]},"faces":{"north":{"uv":[14,0,13.2,0.4],"texture":"#0","tintindex":0},"east":{"uv":[4,12.8,2.8,13.2],"texture":"#0","tintindex":0},"south":{"uv":[14,0.4,13.2,0.8],"texture":"#0","tintindex":0},"west":{"uv":[14,1.2,12.8,1.6],"texture":"#0","tintindex":0},"up":{"uv":[3.2,12.8,4,11.6],"texture":"#0","tintindex":0},"down":{"uv":[11.6,4,12.4,5.2],"texture":"#0","tintindex":0}}},{"from":[12.75,0.25,9.75],"to":[14.75,2.25,12.75],"rotation":{"angle":-22.5,"axis":"x","origin":[16,0,0]},"faces":{"north":{"uv":[13.2,2.4,12.4,3.2],"texture":"#0","tintindex":0},"east":{"uv":[13.2,7.2,12,8],"texture":"#0","tintindex":0},"south":{"uv":[13.2,3.2,12.4,4],"texture":"#0","tintindex":0},"west":{"uv":[2.4,12,1.2,12.8],"texture":"#0","tintindex":0},"up":{"uv":[7.2,13.2,8,12],"texture":"#0","tintindex":0},"down":{"uv":[9.6,12,10.4,13.2],"texture":"#0","tintindex":0}}},{"from":[12.95,0.45,12.75],"to":[14.55,2.05,13.25],"rotation":{"angle":-22.5,"axis":"x","origin":[16,0,0]},"faces":{"north":{"uv":[13.4,11.2,12.8,11.8],"texture":"#0","tintindex":0},"east":{"uv":[13.4,3.6,13.2,4.2],"texture":"#0","tintindex":0},"south":{"uv":[12.2,12.8,11.6,13.4],"texture":"#0","tintindex":0},"west":{"uv":[3.8,13.2,3.6,13.8],"texture":"#0","tintindex":0},"up":{"uv":[4,13.4,4.6,13.2],"texture":"#0","tintindex":0},"down":{"uv":[13.2,4.4,13.8,4.6],"texture":"#0","tintindex":0}}},{"from":[12.75,0.25,13.25],"to":[14.75,2.25,15.25],"rotation":{"angle":-22.5,"axis":"x","origin":[16,0,0]},"faces":{"north":{"uv":[4.8,12.4,4,13.2],"texture":"#0","tintindex":0},"east":{"uv":[6.4,12.4,5.6,13.2],"texture":"#0","tintindex":0},"south":{"uv":[5.6,12.4,4.8,13.2],"texture":"#0","tintindex":0},"west":{"uv":[13.2,4,12.4,4.8],"texture":"#0","tintindex":0},"up":{"uv":[6.4,13.2,7.2,12.4],"texture":"#0","tintindex":0},"down":{"uv":[12.4,6.4,13.2,7.2],"texture":"#0","tintindex":0}}},{"from":[10.5,12,2.45],"to":[12,13.5,9.45],"rotation":{"angle":-22.5,"axis":"z","origin":[11,12.5,3.5]},"faces":{"north":{"uv":[13.4,12,12.8,12.6],"texture":"#0","tintindex":0},"east":{"uv":[2.8,9.2,0,9.8],"texture":"#0","tintindex":0},"south":{"uv":[13,12.8,12.4,13.4],"texture":"#0","tintindex":0},"west":{"uv":[10.8,6.4,8,7],"texture":"#0","tintindex":0},"up":{"uv":[8,12.4,8.6,9.6],"texture":"#0","tintindex":0},"down":{"uv":[8.8,9.6,9.4,12.4],"texture":"#0","tintindex":0}}},{"from":[4.75,13,1.75],"to":[4.75,15.75,11.75],"rotation":{"angle":22.5,"axis":"z","origin":[5,12.5,3.5]},"faces":{"east":{"uv":[7.2,7.2,11.2,8.4],"texture":"#0","tintindex":0},"west":{"uv":[11.2,7.2,7.2,8.4],"texture":"#0","tintindex":0}}},{"from":[11.25,13,1.75],"to":[11.25,15.75,11.75],"rotation":{"angle":-22.5,"axis":"z","origin":[11,12.5,3.5]},"faces":{"east":{"uv":[7.2,7.2,11.2,8.4],"texture":"#0","tintindex":0},"west":{"uv":[11.2,7.2,7.2,8.4],"texture":"#0","tintindex":0}}},{"from":[-0.45,10.85271,1.1965],"to":[3.55,10.88271,11.1965],"rotation":{"angle":-45,"axis":"x","origin":[8,10.86771,6.1965]},"faces":{"up":{"uv":[5.6,11.2,4,7.2],"texture":"#0","tintindex":0},"down":{"uv":[5.6,7.2,4,11.2],"texture":"#0","tintindex":0}}},{"from":[12.45,10.85271,1.1965],"to":[16.45,10.88271,11.1965],"rotation":{"angle":-45,"axis":"x","origin":[8,10.86771,6.1965]},"faces":{"up":{"uv":[4,11.2,5.6,7.2],"texture":"#0","tintindex":0},"down":{"uv":[4,7.2,5.6,11.2],"texture":"#0","tintindex":0}}},{"from":[4.5,7.75,1.735],"to":[11.5,14.75,1.765],"rotation":{"angle":0,"axis":"x","origin":[8,11.25,1.75]},"faces":{"north":{"uv":[1,1,15,15],"texture":"#2","tintindex":0},"south":{"uv":[15,1,1,15],"texture":"#2","tintindex":0}}},{"from":[2.25,8.57071,11.08881],"to":[2.25,10.57071,17.08881],"rotation":{"angle":-22.5,"axis":"x","origin":[2.25,14.67071,19.08881]},"faces":{"east":{"uv":[0,0,4,12],"rotation":90,"texture":"#1","tintindex":0},"west":{"uv":[4,0,0,12],"rotation":270,"texture":"#1","tintindex":0}}},{"from":[1.25,9.57071,11.08881],"to":[3.25,9.57071,17.08881],"rotation":{"angle":-22.5,"axis":"x","origin":[2.25,14.67071,19.08881]},"faces":{"up":{"uv":[0,0,4,12],"texture":"#1","tintindex":0},"down":{"uv":[4,0,0,12],"rotation":180,"texture":"#1","tintindex":0}}},{"from":[13.75,8.57071,11.08881],"to":[13.75,10.57071,17.08881],"rotation":{"angle":-22.5,"axis":"x","origin":[13.75,14.67071,19.08881]},"faces":{"east":{"uv":[4,12,0,0],"rotation":270,"texture":"#1","tintindex":0},"west":{"uv":[0,12,4,0],"rotation":90,"texture":"#1","tintindex":0}}},{"from":[12.75,9.57071,11.08881],"to":[14.75,9.57071,17.08881],"rotation":{"angle":-22.5,"axis":"x","origin":[13.75,14.67071,19.08881]},"faces":{"up":{"uv":[4,0,0,12],"texture":"#1","tintindex":0},"down":{"uv":[0,0,4,12],"rotation":180,"texture":"#1","tintindex":0}}}],"gui_light":"front","display":{"thirdperson_righthand":{"rotation":[60.5,0,0],"translation":[0,3.75,1.75],"scale":[0.64453,0.64453,0.64453]},"thirdperson_lefthand":{"rotation":[60.5,0,0],"translation":[0,3.75,1.75],"scale":[0.64453,0.64453,0.64453]},"firstperson_righthand":{"rotation":[-10,180,0],"translation":[0,3.5,-1.25],"scale":[0.7793,0.7793,0.7793]},"firstperson_lefthand":{"rotation":[-10,180,0],"translation":[0,3.5,-1.25],"scale":[0.7793,0.7793,0.7793]},"ground":{"rotation":[35,0,0],"translation":[0,6.5,0]},"gui":{"rotation":[0,180,0],"scale":[1.00781,1.00781,1.00781]},"head":{"translation":[0,1.25,0],"scale":[1.45508,1.45508,1.45508]},"fixed":{"rotation":[-90,0,0],"translation":[0,0,-14.5],"scale":[2.31055,2.31055,2.31055]}}}