{"parent":"minecraft:item/generated","textures":{"layer0":"minecraft:item/brick"},"overrides":[{"predicate":{"custom_model_data":10000},"model":"teleportation_hub:teleportation_hub/waterfall"},{"predicate":{"custom_model_data":10001},"model":"teleportation_hub:teleportation_hub/lava_animation"},{"predicate":{"custom_model_data":10002},"model":"teleportation_hub:teleportation_hub/lava_animation_2"},{"predicate":{"custom_model_data":10003},"model":"teleportation_hub:teleportation_hub/lava_animation_3"},{"predicate":{"custom_model_data":10004},"model":"teleportation_hub:teleportation_hub/lava_animation_4"},{"predicate":{"custom_model_data":10005},"model":"teleportation_hub:teleportation_hub/lava_animation_5"},{"predicate":{"custom_model_data":10006},"model":"teleportation_hub:teleportation_hub/star_animation_top_right"},{"predicate":{"custom_model_data":10007},"model":"teleportation_hub:teleportation_hub/star_animation_top_left"},{"predicate":{"custom_model_data":10008},"model":"teleportation_hub:teleportation_hub/star_animation_bottom_left"},{"predicate":{"custom_model_data":10009},"model":"teleportation_hub:teleportation_hub/star_animation_bottom_right"},{"predicate":{"custom_model_data":10010},"model":"teleportation_hub:teleportation_hub/void_waterfall_animation"},{"predicate":{"custom_model_data":10011},"model":"teleportation_hub:teleportation_hub/overworld_icon"},{"predicate":{"custom_model_data":10012},"model":"teleportation_hub:teleportation_hub/nether_icon"},{"predicate":{"custom_model_data":10013},"model":"teleportation_hub:teleportation_hub/end_icon"},{"predicate":{"custom_model_data":10014},"model":"teleportation_hub:teleportation_hub/resource_icon"},{"predicate":{"custom_model_data":10015},"model":"teleportation_hub:teleportation_hub/cloud_animation"},{"predicate":{"custom_model_data":10016},"model":"teleportation_hub:teleportation_hub/cloud_animation_right"},{"predicate":{"custom_model_data":10017},"model":"teleportation_hub:teleportation_hub/minecart_animation"},{"predicate":{"custom_model_data":10018},"model":"teleportation_hub:teleportation_hub/sun_animation"},{"predicate":{"custom_model_data":10019},"model":"teleportation_hub:teleportation_hub/sunset_cloud_animation"},{"predicate":{"custom_model_data":10020},"model":"teleportation_hub:teleportation_hub/shining_effect"},{"predicate":{"custom_model_data":10021},"model":"teleportation_hub:ia_auto_gen/rtp_pin"},{"predicate":{"custom_model_data":10022},"model":"teleportation_hub:ia_auto_gen/rtp_lock"},{"predicate":{"custom_model_data":10023},"model":"teleportation_hub:ia_auto_gen/left_arrow"},{"predicate":{"custom_model_data":10024},"model":"teleportation_hub:ia_auto_gen/right_arrow"},{"predicate":{"custom_model_data":10025},"model":"item/brick"}]}