{"credit":"Created by Workshop Six","texture_size":[256,256],"textures":{"3":"workshop_six:medieval_tavern_furniture/tavern_bar_counter","particle":"workshop_six:medieval_tavern_furniture/tavern_bar_counter"},"elements":[{"from":[-16,0,-1],"to":[32,2,16],"rotation":{"angle":0,"axis":"y","origin":[-40,-1,-5]},"faces":{"north":{"uv":[2.875,5.0625,5.875,5.1875],"texture":"#3"},"east":{"uv":[5.625,4.4375,6.6875,4.5625],"texture":"#3"},"south":{"uv":[2.875,5.1875,5.875,5.3125],"texture":"#3"},"west":{"uv":[5.625,4.5625,6.6875,4.6875],"texture":"#3"},"up":{"uv":[3,3.4375,0,2.375],"texture":"#3"},"down":{"uv":[6,0,3,1.0625],"texture":"#3"}}},{"from":[-16,2,-2],"to":[32,14,0],"rotation":{"angle":0,"axis":"y","origin":[-40,-2,-3]},"faces":{"north":{"uv":[3,1.0625,6,1.8125],"texture":"#3"},"east":{"uv":[1.1875,5.4375,1.3125,6.1875],"texture":"#3"},"south":{"uv":[3,2.0625,6,2.8125],"texture":"#3"},"west":{"uv":[1.3125,5.4375,1.4375,6.1875],"texture":"#3"},"up":{"uv":[5.875,5.4375,2.875,5.3125],"texture":"#3"},"down":{"uv":[5.875,5.4375,2.875,5.5625],"texture":"#3"}}},{"from":[-16,14,-3],"to":[32,16,16],"rotation":{"angle":0,"axis":"y","origin":[-40,2,-5]},"faces":{"north":{"uv":[2.875,5.5625,5.875,5.6875],"texture":"#3"},"east":{"uv":[0,5.4375,1.1875,5.5625],"texture":"#3"},"south":{"uv":[5.625,4.0625,8.625,4.1875],"texture":"#3"},"west":{"uv":[0,5.5625,1.1875,5.6875],"texture":"#3"},"up":{"uv":[3,1.1875,0,0],"texture":"#3"},"down":{"uv":[3,1.1875,0,2.375],"texture":"#3"}}},{"from":[30,2,0],"to":[32,14,16],"rotation":{"angle":0,"axis":"y","origin":[30,-1,-2]},"faces":{"north":{"uv":[1.4375,5.4375,1.5625,6.4375],"texture":"#3"},"east":{"uv":[2.75,4.0625,3.75,4.8125],"texture":"#3"},"south":{"uv":[1.5625,5.4375,1.6875,6.1875],"texture":"#3"},"west":{"uv":[3.75,4.0625,4.75,4.8125],"texture":"#3"},"up":{"uv":[1.8125,6.4375,1.6875,5.4375],"texture":"#3"},"down":{"uv":[1.9375,5.4375,1.8125,6.4375],"texture":"#3"}}},{"from":[-16,2,0],"to":[-14,14,16],"rotation":{"angle":0,"axis":"y","origin":[-16,-1,-2]},"faces":{"north":{"uv":[0,5.6875,0.125,6.6875],"texture":"#3"},"east":{"uv":[0,4.4375,1,5.1875],"texture":"#3"},"south":{"uv":[0.125,5.6875,0.25,6.4375],"texture":"#3"},"west":{"uv":[1,4.4375,2,5.1875],"texture":"#3"},"up":{"uv":[0.375,6.6875,0.25,5.6875],"texture":"#3"},"down":{"uv":[0.5,5.6875,0.375,6.6875],"texture":"#3"}}},{"from":[15,2,0],"to":[17,14,14],"rotation":{"angle":0,"axis":"y","origin":[15,-1,-2]},"faces":{"north":{"uv":[0.5,5.6875,0.625,6.4375],"texture":"#3"},"east":{"uv":[4.75,4.0625,5.625,4.8125],"texture":"#3"},"south":{"uv":[0.625,5.6875,0.75,6.4375],"texture":"#3"},"west":{"uv":[2,5.0625,2.875,5.8125],"texture":"#3"},"up":{"uv":[0.875,6.5625,0.75,5.6875],"texture":"#3"},"down":{"uv":[1,5.6875,0.875,6.5625],"texture":"#3"}}},{"from":[-1,2,0],"to":[1,14,14],"rotation":{"angle":0,"axis":"y","origin":[-1,-1,-2]},"faces":{"north":{"uv":[0.5,5.6875,0.625,6.4375],"texture":"#3"},"east":{"uv":[4.75,4.0625,5.625,5.0625],"texture":"#3"},"south":{"uv":[0.625,5.6875,0.75,6.4375],"texture":"#3"},"west":{"uv":[2,5.0625,2.875,5.8125],"texture":"#3"},"up":{"uv":[0.875,6.5625,0.75,5.6875],"texture":"#3"},"down":{"uv":[1,5.6875,0.875,6.5625],"texture":"#3"}}},{"from":[-14,7,-1],"to":[30,9,15],"rotation":{"angle":0,"axis":"y","origin":[-40,6,-5]},"faces":{"north":{"uv":[5.625,4.1875,8.375,4.3125],"texture":"#3"},"east":{"uv":[5.625,4.6875,6.625,4.8125],"texture":"#3"},"south":{"uv":[5.625,4.3125,8.375,4.4375],"texture":"#3"},"west":{"uv":[5.625,4.8125,6.625,4.9375],"texture":"#3"},"up":{"uv":[5.75,4.0625,3,3.0625],"texture":"#3"},"down":{"uv":[2.75,3.4375,0,4.4375],"texture":"#3"}}}],"gui_light":"front","display":{"thirdperson_righthand":{"rotation":[49,0,0],"translation":[-1,0,-0.5],"scale":[0.18,0.18,0.18]},"thirdperson_lefthand":{"rotation":[49,0,0],"translation":[-1,0,-0.5],"scale":[0.18,0.18,0.18]},"firstperson_righthand":{"rotation":[0,-52,0],"translation":[-1,4.75,1.75],"scale":[0.19,0.19,0.19]},"firstperson_lefthand":{"rotation":[0,-52,0],"translation":[-1,4.75,1.75],"scale":[0.19,0.19,0.19]},"ground":{"translation":[0,2.25,0],"scale":[0.2,0.2,0.2]},"gui":{"rotation":[11.75,0,0],"scale":[0.32,0.32,0.32]},"head":{"scale":[0,0,0]},"fixed":{"rotation":[-90,0,0],"translation":[0,0,-16],"scale":[2,2,2]}},"mcmodels":"8e0e5cf7a822f85d549f98a891afe0a2"}