{"credit":"Made by samus2002","texture_size":[32,32],"textures":{"1":"rpg_essentials_1:rpg_essentials_1_texture/key_shadow"},"elements":[{"from":[6,6.5,7],"to":[11,11.5,9],"rotation":{"angle":0,"axis":"y","origin":[8.5,9,8.25]},"faces":{"north":{"uv":[0,0,2.5,2.5],"texture":"#1"},"east":{"uv":[4.5,5,5.5,7.5],"texture":"#1"},"south":{"uv":[0,3,2.5,5.5],"texture":"#1"},"west":{"uv":[0,6,1,8.5],"texture":"#1"},"up":{"uv":[8.5,6,6,5],"texture":"#1"},"down":{"uv":[9,0,6.5,1],"texture":"#1"}}},{"from":[10.22417,4.84568,6.5],"to":[10.22417,8.84568,9.5],"rotation":{"angle":45,"axis":"z","origin":[10.22417,6.34568,8]},"faces":{"north":{"uv":[2.5,6,2.5,8],"texture":"#1"},"east":{"uv":[6,0,4.5,2],"texture":"#1"},"south":{"uv":[8,2.5,8,4.5],"texture":"#1"},"west":{"uv":[4.5,0,6,2],"texture":"#1"},"up":{"uv":[4.5,8,3,8],"rotation":270,"texture":"#1"},"down":{"uv":[4,8.5,2.5,8.5],"rotation":90,"texture":"#1"}}},{"from":[9.28483,2.78502,8],"to":[12.28483,6.78502,8],"rotation":{"angle":0,"axis":"x","origin":[11.28483,5.28502,8]},"faces":{"north":{"uv":[4.5,0,6,2],"texture":"#1"},"east":{"uv":[2.5,6,2.5,8],"texture":"#1"},"south":{"uv":[6,0,4.5,2],"texture":"#1"},"west":{"uv":[8,2.5,8,4.5],"texture":"#1"},"up":{"uv":[4.5,8,3,8],"texture":"#1"},"down":{"uv":[4,8.5,2.5,8.5],"texture":"#1"}}},{"from":[10.78483,0.28502,6.5],"to":[10.78483,4.28502,9.5],"rotation":{"angle":0,"axis":"x","origin":[10.78483,4.78502,8]},"faces":{"north":{"uv":[8,2.5,8,4.5],"texture":"#1"},"east":{"uv":[4.5,0,6,2],"texture":"#1"},"south":{"uv":[2.5,6,2.5,8],"texture":"#1"},"west":{"uv":[6,0,4.5,2],"texture":"#1"},"up":{"uv":[4.5,8,3,8],"rotation":90,"texture":"#1"},"down":{"uv":[4,8.5,2.5,8.5],"rotation":270,"texture":"#1"}}},{"from":[7.5,-0.5,7.5],"to":[9.5,6.5,8.5],"rotation":{"angle":0,"axis":"y","origin":[7.5,6.5,7.75]},"faces":{"north":{"uv":[3,0,4,3.5],"texture":"#1"},"east":{"uv":[1.5,6,2,9.5],"texture":"#1"},"south":{"uv":[3,4,4,7.5],"texture":"#1"},"west":{"uv":[6,6.5,6.5,10],"texture":"#1"},"up":{"uv":[7.5,2,6.5,1.5],"texture":"#1"},"down":{"uv":[7.5,2.5,6.5,3],"texture":"#1"}}},{"from":[5.5,2.5,8],"to":[7.5,3.5,8],"rotation":{"angle":0,"axis":"y","origin":[7.5,6.5,8.25]},"faces":{"north":{"uv":[6.5,3.5,7.5,4],"texture":"#1"},"east":{"uv":[5,8,5,8.5],"texture":"#1"},"south":{"uv":[7,6.5,8,7],"texture":"#1"},"west":{"uv":[5.5,8,5.5,8.5],"texture":"#1"},"up":{"uv":[7.5,4.5,6.5,4.5],"texture":"#1"},"down":{"uv":[9.5,2.5,8.5,2.5],"texture":"#1"}}},{"from":[5.5,0.5,8],"to":[7.5,1.5,8],"rotation":{"angle":0,"axis":"y","origin":[7.5,6.5,8.25]},"faces":{"north":{"uv":[7,7.5,8,8],"texture":"#1"},"east":{"uv":[8.5,3,8.5,3.5],"texture":"#1"},"south":{"uv":[8,1.5,9,2],"texture":"#1"},"west":{"uv":[8.5,4,8.5,4.5],"texture":"#1"},"up":{"uv":[9.5,6.5,8.5,6.5],"texture":"#1"},"down":{"uv":[8,8.5,7,8.5],"texture":"#1"}}}],"gui_light":"front","display":{"thirdperson_righthand":{"rotation":[180,90,0],"translation":[0,0,0.5],"scale":[0.9,0.9,0.9]},"thirdperson_lefthand":{"rotation":[180,90,0],"translation":[0,0,0.5],"scale":[0.9,0.9,0.9]},"firstperson_righthand":{"rotation":[180,90,0],"translation":[2.25,1,-0.25],"scale":[0.9,0.9,0.9]},"firstperson_lefthand":{"rotation":[180,90,0],"translation":[2.25,1,-0.25],"scale":[0.9,0.9,0.9]},"ground":{"rotation":[90,0,0],"translation":[0,-2,0],"scale":[0.9,0.9,0.9]},"gui":{"rotation":[0,177,0],"translation":[0.5,2.5,0]},"fixed":{"translation":[-0.5,2.5,0],"scale":[1.2,1.2,1.2]}}}