{"credit":"Made with Blockbench","texture_size":[128,128],"textures":{"0":"elitecreatures:wukong_animated/wukong_texture_01","2":"elitecreatures:wukong_animated/wukong_animation_02","particle":"elitecreatures:wukong_animated/wukong_texture_01"},"elements":[{"from":[7,-2,7],"to":[9,19,9],"rotation":{"angle":-45,"axis":"y","origin":[8,1.75,8.05]},"faces":{"north":{"uv":[4.75,1.1875,5,3.8125],"texture":"#0"},"east":{"uv":[4.75,1.1875,5,3.8125],"texture":"#0"},"south":{"uv":[4.75,1.1875,5,3.8125],"texture":"#0"},"west":{"uv":[4.75,1.1875,5,3.8125],"texture":"#0"},"up":{"uv":[1.1875,2.125,1.4375,2.375],"rotation":90,"texture":"#0"},"down":{"uv":[1.1875,2.125,1.4375,2.375],"rotation":90,"texture":"#0"}}},{"from":[7,21,7],"to":[9,24,9],"rotation":{"angle":-45,"axis":"y","origin":[8,1.75,8.05]},"faces":{"north":{"uv":[4.75,1.1875,5,1.5625],"texture":"#0"},"east":{"uv":[4.75,1.1875,5,1.5625],"texture":"#0"},"south":{"uv":[4.75,1.1875,5,1.5625],"texture":"#0"},"west":{"uv":[4.75,1.1875,5,1.5625],"texture":"#0"},"up":{"uv":[1.1875,2.125,1.4375,2.375],"rotation":90,"texture":"#0"},"down":{"uv":[1.1875,2.125,1.4375,2.375],"rotation":90,"texture":"#0"}}},{"from":[7,-8,7],"to":[9,-5,9],"rotation":{"angle":-45,"axis":"y","origin":[8,14.25,8.05]},"faces":{"north":{"uv":[4.75,1.8125,5,1.4375],"texture":"#0"},"east":{"uv":[4.75,1.8125,5,1.4375],"texture":"#0"},"south":{"uv":[4.75,1.8125,5,1.4375],"texture":"#0"},"west":{"uv":[4.75,1.8125,5,1.4375],"texture":"#0"},"up":{"uv":[1.4375,2.125,1.1875,2.375],"rotation":90,"texture":"#0"},"down":{"uv":[1.4375,2.125,1.1875,2.375],"rotation":90,"texture":"#0"}}},{"from":[6.5,-6.55,7.25],"to":[9.5,-4.45,8.75],"rotation":{"angle":0,"axis":"y","origin":[0,-12.5,-9]},"faces":{"north":{"uv":[1.1875,2.9375,1.5625,3.2],"texture":"#0"},"east":{"uv":[1,3.2,1.1875,2.9375],"texture":"#0"},"south":{"uv":[1.1875,2.9375,1.5625,3.2],"texture":"#0"},"west":{"uv":[1,3.2,1.1875,2.9375],"texture":"#0"},"up":{"uv":[1.5625,2.9375,1.9375,3.125],"texture":"#0"},"down":{"uv":[1.5625,2.9375,1.9375,3.125],"texture":"#0"}}},{"from":[7,-6.55,6.2],"to":[9.1,-4.45,8.3],"rotation":{"angle":45,"axis":"y","origin":[8,-6.5,7.3]},"faces":{"north":{"uv":[2.5,2.875,2.25,3.125],"texture":"#0"},"east":{"uv":[2.1875,2.9375,1.9375,3.1875],"texture":"#0"},"south":{"uv":[2.5,2.875,2.25,3.125],"texture":"#0"},"west":{"uv":[1.9375,2.9375,2.1875,3.1875],"texture":"#0"},"up":{"uv":[2.25,2.875,2.5,2.625],"texture":"#0"},"down":{"uv":[2.25,2.625,2.5,2.875],"texture":"#0"}}},{"from":[7,-6.55,7.7],"to":[9.1,-4.45,9.8],"rotation":{"angle":-45,"axis":"y","origin":[8,-6.5,8.7]},"faces":{"north":{"uv":[2.25,2.875,2.5,3.125],"texture":"#0"},"east":{"uv":[1.9375,2.9375,2.1875,3.1875],"texture":"#0"},"south":{"uv":[2.25,2.875,2.5,3.125],"texture":"#0"},"west":{"uv":[2.1875,2.9375,1.9375,3.1875],"texture":"#0"},"up":{"uv":[2.25,2.625,2.5,2.875],"texture":"#0"},"down":{"uv":[2.25,2.875,2.5,2.625],"texture":"#0"}}},{"from":[6.5,20.95,7.25],"to":[9.5,23.05,8.75],"rotation":{"angle":0,"axis":"y","origin":[0,29,-9]},"faces":{"north":{"uv":[1.1875,3.2,1.5625,2.9375],"texture":"#0"},"east":{"uv":[1,2.9375,1.1875,3.2],"texture":"#0"},"south":{"uv":[1.1875,3.2,1.5625,2.9375],"texture":"#0"},"west":{"uv":[1,2.9375,1.1875,3.2],"texture":"#0"},"up":{"uv":[1.5625,3.125,1.9375,2.9375],"texture":"#0"},"down":{"uv":[1.5625,3.125,1.9375,2.9375],"texture":"#0"}}},{"from":[7,20.95,6.2],"to":[9.1,23.05,8.3],"rotation":{"angle":45,"axis":"y","origin":[8,23,7.3]},"faces":{"north":{"uv":[2.5,3.125,2.25,2.875],"texture":"#0"},"east":{"uv":[2.1875,3.1875,1.9375,2.9375],"texture":"#0"},"south":{"uv":[2.5,3.125,2.25,2.875],"texture":"#0"},"west":{"uv":[1.9375,3.1875,2.1875,2.9375],"texture":"#0"},"up":{"uv":[2.25,2.875,2.5,2.625],"texture":"#0"},"down":{"uv":[2.25,2.625,2.5,2.875],"texture":"#0"}}},{"from":[7,20.95,7.7],"to":[9.1,23.05,9.8],"rotation":{"angle":-45,"axis":"y","origin":[8,23,8.7]},"faces":{"north":{"uv":[2.25,3.125,2.5,2.875],"texture":"#0"},"east":{"uv":[1.9375,3.1875,2.1875,2.9375],"texture":"#0"},"south":{"uv":[2.25,3.125,2.5,2.875],"texture":"#0"},"west":{"uv":[2.1875,3.1875,1.9375,2.9375],"texture":"#0"},"up":{"uv":[2.25,2.625,2.5,2.875],"texture":"#0"},"down":{"uv":[2.25,2.875,2.5,2.625],"texture":"#0"}}},{"from":[6.75,18.5,6.75],"to":[9.25,21,9.25],"rotation":{"angle":-45,"axis":"y","origin":[8,17.75,8.05]},"faces":{"north":{"uv":[1.875,1.625,2.1875,1.9375],"texture":"#0"},"east":{"uv":[1.875,1.625,2.1875,1.9375],"texture":"#0"},"south":{"uv":[1.875,1.625,2.1875,1.9375],"texture":"#0"},"west":{"uv":[1.875,1.625,2.1875,1.9375],"texture":"#0"},"up":{"uv":[1.875,1.9375,2.1875,2.25],"texture":"#0"},"down":{"uv":[1.875,1.9375,2.1875,2.25],"texture":"#0"}}},{"from":[6.75,23.5,6],"to":[10.25,32,9.5],"rotation":{"angle":-45,"axis":"y","origin":[8,17.75,7.35]},"faces":{"north":{"uv":[5,1.1875,5.4375,2.25],"texture":"#0"},"east":{"uv":[5,1.1875,5.4375,2.25],"texture":"#0"},"south":{"uv":[5,1.1875,5.4375,2.25],"texture":"#0"},"west":{"uv":[5,1.1875,5.4375,2.25],"texture":"#0"},"up":{"uv":[5,2.25,5.4375,2.6875],"texture":"#0"},"down":{"uv":[5,2.25,5.4375,2.6875],"texture":"#0"}}},{"from":[6.75,-15.5,6],"to":[10.25,-7,9.5],"rotation":{"angle":-45,"axis":"y","origin":[8,-1.75,7.35]},"faces":{"north":{"uv":[5,2.25,5.4375,1.1875],"texture":"#0"},"east":{"uv":[5,2.25,5.4375,1.1875],"texture":"#0"},"south":{"uv":[5,2.25,5.4375,1.1875],"texture":"#0"},"west":{"uv":[5,2.25,5.4375,1.1875],"texture":"#0"},"up":{"uv":[5,2.6875,5.4375,2.25],"texture":"#0"},"down":{"uv":[5,2.6875,5.4375,2.25],"texture":"#0"}}},{"from":[6.75,-4.5,6.85],"to":[9.25,-2,9.35],"rotation":{"angle":-45,"axis":"y","origin":[8,1.75,8.05]},"faces":{"north":{"uv":[1.875,1.625,2.1875,1.9375],"rotation":180,"texture":"#0"},"east":{"uv":[1.875,1.625,2.1875,1.9375],"rotation":180,"texture":"#0"},"south":{"uv":[1.875,1.625,2.1875,1.9375],"rotation":180,"texture":"#0"},"west":{"uv":[1.875,1.625,2.1875,1.9375],"rotation":180,"texture":"#0"},"up":{"uv":[1.875,1.9375,2.1875,2.25],"texture":"#0"},"down":{"uv":[1.875,1.9375,2.1875,2.25],"texture":"#0"}}},{"from":[8,-5.4,9],"to":[8,2.6,19],"rotation":{"angle":0,"axis":"y","origin":[8,2.11091,12.8099]},"faces":{"north":{"uv":[0,0,0,5],"rotation":180,"texture":"#2"},"east":{"uv":[6.5,0,0,11],"rotation":270,"texture":"#2"},"south":{"uv":[0,5,0,0],"texture":"#2"},"west":{"uv":[0,0,6.5,11],"rotation":90,"texture":"#2"},"up":{"uv":[0,0,0,10],"rotation":180,"texture":"#2"},"down":{"uv":[0,0,0,10],"texture":"#2"}}},{"from":[7.5,-11.9,-8.1],"to":[7.5,10.1,4.9],"rotation":{"angle":45,"axis":"x","origin":[16,-11,38]},"faces":{"north":{"uv":[0,0,0,10],"texture":"#2"},"east":{"uv":[6.5,0,0,11],"texture":"#2"},"south":{"uv":[0,0,0,10],"texture":"#2"},"west":{"uv":[0,0,6.5,11],"texture":"#2"},"up":{"uv":[0,5,0,0],"texture":"#2"},"down":{"uv":[0,0,0,5],"texture":"#2"}}},{"from":[5.65,21,10],"to":[9.75,25.5,10],"rotation":{"angle":-22.5,"axis":"x","origin":[8,24.45,11.1]},"faces":{"north":{"uv":[3.3125,0.5125,2.75,0],"rotation":90,"texture":"#0"},"east":{"uv":[0.875,0.9375,0.875,1.5],"rotation":180,"texture":"#0"},"south":{"uv":[2.75,0.5125,3.3125,0],"rotation":270,"texture":"#0"},"west":{"uv":[0.875,0.9375,0.875,1.5],"texture":"#0"},"up":{"uv":[0.9375,1.125,0.9375,1.6375],"rotation":270,"texture":"#0"},"down":{"uv":[0.9375,1.125,0.9375,1.6375],"rotation":270,"texture":"#0"}}},{"from":[5.65,20.8,9.8],"to":[9.75,25.3,9.8],"rotation":{"angle":-22.5,"axis":"x","origin":[8,24.45,11.1]},"faces":{"north":{"uv":[3.3125,0.5125,2.75,0],"rotation":90,"texture":"#0"},"east":{"uv":[0.875,0.9375,0.875,1.5],"rotation":180,"texture":"#0"},"south":{"uv":[2.75,0.5125,3.3125,0],"rotation":270,"texture":"#0"},"west":{"uv":[0.875,0.9375,0.875,1.5],"texture":"#0"},"up":{"uv":[0.9375,1.125,0.9375,1.6375],"rotation":270,"texture":"#0"},"down":{"uv":[0.9375,1.125,0.9375,1.6375],"rotation":270,"texture":"#0"}}},{"from":[8.5,-11.9,-8.1],"to":[8.5,10.1,4.9],"rotation":{"angle":45,"axis":"x","origin":[0,-11,38]},"faces":{"north":{"uv":[0,0,0,10],"texture":"#2"},"east":{"uv":[6.5,0,0,11],"texture":"#2"},"south":{"uv":[0,0,0,10],"texture":"#2"},"west":{"uv":[0,0,6.5,11],"texture":"#2"},"up":{"uv":[0,5,0,0],"texture":"#2"},"down":{"uv":[0,0,0,5],"texture":"#2"}}},{"from":[6.2,20,7],"to":[6.2,24,13.5],"rotation":{"angle":-22.5,"axis":"x","origin":[6.1,22,9.25]},"faces":{"north":{"uv":[0,0,0,6],"rotation":180,"texture":"#missing"},"east":{"uv":[4.5,0.5625,4,1.375],"rotation":270,"texture":"#0"},"south":{"uv":[0,0,0,6],"rotation":180,"texture":"#missing"},"west":{"uv":[4,0.5625,4.5,1.375],"rotation":90,"texture":"#0"},"up":{"uv":[0,0,0,16],"texture":"#missing"},"down":{"uv":[0,0,0,16],"texture":"#missing"}}},{"from":[9.8,20,7],"to":[9.8,24,13.5],"rotation":{"angle":-22.5,"axis":"x","origin":[9.9,22,9.25]},"faces":{"north":{"uv":[0,0,0,6],"rotation":180,"texture":"#missing"},"east":{"uv":[4,1.375,4.5,0.5625],"rotation":90,"texture":"#0"},"south":{"uv":[0,0,0,6],"rotation":180,"texture":"#missing"},"west":{"uv":[4.5,1.375,4,0.5625],"rotation":270,"texture":"#0"},"up":{"uv":[0,0,0,16],"texture":"#missing"},"down":{"uv":[0,0,0,16],"texture":"#missing"}}},{"from":[6.1,-12.5,2],"to":[6.1,-9.5,6.5],"rotation":{"angle":-22.5,"axis":"x","origin":[5.5,4,-8.25]},"faces":{"north":{"uv":[0,0,0,6],"rotation":180,"texture":"#missing"},"east":{"uv":[4,0.5625,4.375,0],"rotation":90,"texture":"#0"},"south":{"uv":[0,0,0,6],"rotation":180,"texture":"#missing"},"west":{"uv":[4,0,4.375,0.5625],"rotation":90,"texture":"#0"},"up":{"uv":[0,0,0,16],"texture":"#missing"},"down":{"uv":[0,0,0,16],"texture":"#missing"}}},{"from":[9.9,-12.5,2],"to":[9.9,-9.5,6.5],"rotation":{"angle":-22.5,"axis":"x","origin":[10.5,4,-8.25]},"faces":{"north":{"uv":[0,0,0,6],"rotation":180,"texture":"#missing"},"east":{"uv":[4,0.5625,4.375,0],"rotation":90,"texture":"#0"},"south":{"uv":[0,0,0,6],"rotation":180,"texture":"#missing"},"west":{"uv":[4,0,4.375,0.5625],"rotation":90,"texture":"#0"},"up":{"uv":[0,0,0,16],"texture":"#missing"},"down":{"uv":[0,0,0,16],"texture":"#missing"}}},{"from":[4.5,-6.9,4.5],"to":[11.5,-6.9,11.5],"rotation":{"angle":-45,"axis":"y","origin":[8,-6.8,8]},"faces":{"north":{"uv":[0,0,0.875,0],"texture":"#missing"},"east":{"uv":[0,0,0.875,0],"texture":"#missing"},"south":{"uv":[0,0,0.875,0],"texture":"#missing"},"west":{"uv":[0,0,0.875,0],"texture":"#missing"},"up":{"uv":[4.625,0,5.5,0.875],"texture":"#0"},"down":{"uv":[4.625,0.875,5.5,0],"texture":"#0"}}},{"from":[4.5,-6.7,4.5],"to":[11.5,-6.7,11.5],"rotation":{"angle":-45,"axis":"y","origin":[8,-6.8,8]},"faces":{"north":{"uv":[0,0,0.875,0],"texture":"#missing"},"east":{"uv":[0,0,0.875,0],"texture":"#missing"},"south":{"uv":[0,0,0.875,0],"texture":"#missing"},"west":{"uv":[0,0,0.875,0],"texture":"#missing"},"up":{"uv":[4.625,0,5.5,0.875],"texture":"#0"},"down":{"uv":[4.625,0.875,5.5,0],"texture":"#0"}}},{"from":[4.5,23.1,4.5],"to":[11.5,23.1,11.5],"rotation":{"angle":-45,"axis":"y","origin":[8,-6.8,8]},"faces":{"north":{"uv":[0,0,0.875,0],"texture":"#missing"},"east":{"uv":[0,0,0.875,0],"texture":"#missing"},"south":{"uv":[0,0,0.875,0],"texture":"#missing"},"west":{"uv":[0,0,0.875,0],"texture":"#missing"},"up":{"uv":[4.625,0,5.5,0.875],"texture":"#0"},"down":{"uv":[4.625,0.875,5.5,0],"texture":"#0"}}},{"from":[4.5,23.3,4.5],"to":[11.5,23.3,11.5],"rotation":{"angle":-45,"axis":"y","origin":[8,-6.8,8]},"faces":{"north":{"uv":[0,0,0.875,0],"texture":"#missing"},"east":{"uv":[0,0,0.875,0],"texture":"#missing"},"south":{"uv":[0,0,0.875,0],"texture":"#missing"},"west":{"uv":[0,0,0.875,0],"texture":"#missing"},"up":{"uv":[4.625,0,5.5,0.875],"texture":"#0"},"down":{"uv":[4.625,0.875,5.5,0],"texture":"#0"}}}],"gui_light":"front","display":{"thirdperson_righthand":{"translation":[0,4,1],"scale":[0.7,0.7,0.7]},"thirdperson_lefthand":{"translation":[0,4,1],"scale":[0.7,0.7,0.7]},"firstperson_righthand":{"rotation":[-10,22,0],"translation":[2,1.75,-1.75],"scale":[0.6,0.6,0.6]},"firstperson_lefthand":{"rotation":[-10,22,0],"translation":[2,1.75,-1.75],"scale":[0.6,0.6,0.6]},"ground":{"rotation":[0,0,83],"translation":[-1.5,1.5,0],"scale":[0.5,0.5,0.5]},"gui":{"rotation":[-57,-131,-88],"translation":[0,-0.25,-1.5],"scale":[0.5,0.5,0.5]},"head":{"rotation":[90,167,90],"translation":[2.5,12.5,1.75],"scale":[0.6,0.6,0.6]},"fixed":{"rotation":[-90,-90,-90],"translation":[0,4.5,-1.5],"scale":[1.2,1.2,1.2]}}}