{
  "providers": [

    /* ===== CORE ===== */
    { "type":"bitmap","file":"cubeworld:ui/chest.png","chars":[""],"height":9,"ascent":8 },
    { "type":"bitmap","file":"cubeworld:ui/helmet.png","chars":[""],"height":9,"ascent":8 },
    { "type":"bitmap","file":"cubeworld:ui/anchor.png","chars":[""],"height":9,"ascent":8 },
    { "type":"bitmap","file":"cubeworld:ui/flag.png","chars":[""],"height":9,"ascent":8 },

    /* ===== MEDALS ===== */
    { "type":"bitmap","file":"cubeworld:ui/medal_gold.png","chars":[""],"height":9,"ascent":8 },
    { "type":"bitmap","file":"cubeworld:ui/medal_silver.png","chars":[""],"height":9,"ascent":8 },
    { "type":"bitmap","file":"cubeworld:ui/medal_bronze.png","chars":[""],"height":9,"ascent":8 },

    /* ===== ECONOMY ===== */
    { "type":"bitmap","file":"cubeworld:ui/emerald.png","chars":[""],"height":9,"ascent":8 },
    { "type":"bitmap","file":"cubeworld:ui/money.png","chars":[""],"height":9,"ascent":8 },

    /* ===== ELEMENTS ===== */
    { "type":"bitmap","file":"cubeworld:ui/fire.png","chars":[""],"height":9,"ascent":8 },
    { "type":"bitmap","file":"cubeworld:ui/leaf.png","chars":[""],"height":9,"ascent":8 },

    /* ===== UI / SYSTEM ===== */
    { "type":"bitmap","file":"cubeworld:ui/cog.png","chars":[""],"height":9,"ascent":8 },
    { "type":"bitmap","file":"cubeworld:ui/compass.png","chars":[""],"height":9,"ascent":8 },
    { "type":"bitmap","file":"cubeworld:ui/earth.png","chars":[""],"height":9,"ascent":8 },

    /* ===== INFO ===== */
    { "type":"bitmap","file":"cubeworld:ui/exclamation.png","chars":[""],"height":9,"ascent":8 },
    { "type":"bitmap","file":"cubeworld:ui/dialogue.png","chars":[""],"height":9,"ascent":8 },

    /* ===== FOOD / NATURE ===== */
    { "type":"bitmap","file":"cubeworld:ui/fish.png","chars":[""],"height":9,"ascent":8 },
    { "type":"bitmap","file":"cubeworld:ui/fish_grey.png","chars":[""],"height":9,"ascent":8 },

    /* ===== TOOLS ===== */
    { "type":"bitmap","file":"cubeworld:ui/lock.png","chars":[""],"height":9,"ascent":8 },
    { "type":"bitmap","file":"cubeworld:ui/magnet.png","chars":[""],"height":9,"ascent":8 },

    /* ===== CONFIRM ===== */
    { "type":"bitmap","file":"cubeworld:ui/no.png","chars":[""],"height":9,"ascent":8 },
    { "type":"bitmap","file":"cubeworld:ui/yes.png","chars":[""],"height":9,"ascent":8 },

    /* ===== DECOR ===== */
    { "type":"bitmap","file":"cubeworld:ui/palmtree.png","chars":[""],"height":9,"ascent":8 },
    { "type":"bitmap","file":"cubeworld:ui/seashell.png","chars":[""],"height":9,"ascent":8 },
    { "type":"bitmap","file":"cubeworld:ui/starfish.png","chars":[""],"height":9,"ascent":8 },

    /* ===== EXTRA (ТО, ЧТО У ТЕБЯ ЕСТЬ В ПАПКЕ) ===== */
    { "type":"bitmap","file":"cubeworld:ui/bomb.png","chars":[""],"height":9,"ascent":8 },
    { "type":"bitmap","file":"cubeworld:ui/candy.png","chars":[""],"height":9,"ascent":8 },
    { "type":"bitmap","file":"cubeworld:ui/clover.png","chars":[""],"height":9,"ascent":8 },
    { "type":"bitmap","file":"cubeworld:ui/crystals.png","chars":[""],"height":9,"ascent":8 },
    { "type":"bitmap","file":"cubeworld:ui/flag_white.png","chars":[""],"height":9,"ascent":8 },
    { "type":"bitmap","file":"cubeworld:ui/lightbulb.png","chars":[""],"height":9,"ascent":8 }

  ]
}
