{
  "providers": [

    {
      "type": "bitmap",
      "file": "cubeworld:ui/chest.png",
      "chars": ["\uE100"],
      "height": 12,
      "ascent": 9
    },
    {
      "type": "bitmap",
      "file": "cubeworld:ui/helmet.png",
      "chars": ["\uE101"],
      "height": 12,
      "ascent": 9
    },
    {
      "type": "bitmap",
      "file": "cubeworld:ui/anchor.png",
      "chars": ["\uE102"],
      "height": 12,
      "ascent": 9
    },
    {
      "type": "bitmap",
      "file": "cubeworld:ui/flag.png",
      "chars": ["\uE103"],
      "height": 12,
      "ascent": 9
    },

    {
      "type": "bitmap",
      "file": "cubeworld:ui/medal_gold.png",
      "chars": ["\uE104"],
      "height": 12,
      "ascent": 9
    },
    {
      "type": "bitmap",
      "file": "cubeworld:ui/emerald.png",
      "chars": ["\uE105"],
      "height": 12,
      "ascent": 9
    },
    {
      "type": "bitmap",
      "file": "cubeworld:ui/fire.png",
      "chars": ["\uE106"],
      "height": 12,
      "ascent": 9
    },
    {
      "type": "bitmap",
      "file": "cubeworld:ui/leaf.png",
      "chars": ["\uE107"],
      "height": 12,
      "ascent": 9
    },

    {
      "type": "bitmap",
      "file": "cubeworld:ui/cog.png",
      "chars": ["\uE108"],
      "height": 12,
      "ascent": 9
    },
    {
      "type": "bitmap",
      "file": "cubeworld:ui/compass.png",
      "chars": ["\uE109"],
      "height": 12,
      "ascent": 9
    },
    {
      "type": "bitmap",
      "file": "cubeworld:ui/earth.png",
      "chars": ["\uE10A"],
      "height": 12,
      "ascent": 9
    }

  ]
}
