{
  "providers": [

    /* ===== SAFE BLACK / SPACING (REWORKED) ===== */
    {
      "type": "bitmap",
      "file": "char/black.png",
      "chars": [
        "","","","","","","","",
        "","","","","","",
        "","","","","","","","",
        "","","","","","",""
      ],
      "height": 8,
      "ascent": 7
    },

    /* ===== CRYSTAL CREATIONS ICONS ===== */
    { "type":"bitmap","file":"crystal_creations:font/icons/anchor.png","chars":[""],"height":9,"ascent":8 },
    { "type":"bitmap","file":"crystal_creations:font/icons/bomb.png","chars":[""],"height":9,"ascent":8 },
    { "type":"bitmap","file":"crystal_creations:font/icons/candy.png","chars":[""],"height":9,"ascent":8 },
    { "type":"bitmap","file":"crystal_creations:font/icons/chest.png","chars":[""],"height":9,"ascent":8 },
    { "type":"bitmap","file":"crystal_creations:font/icons/clover.png","chars":[""],"height":9,"ascent":8 },
    { "type":"bitmap","file":"crystal_creations:font/icons/cog.png","chars":[""],"height":9,"ascent":8 },
    { "type":"bitmap","file":"crystal_creations:font/icons/compass.png","chars":[""],"height":9,"ascent":8 },
    { "type":"bitmap","file":"crystal_creations:font/icons/crystals.png","chars":[""],"height":9,"ascent":8 },
    { "type":"bitmap","file":"crystal_creations:font/icons/earth.png","chars":[""],"height":9,"ascent":8 },
    { "type":"bitmap","file":"crystal_creations:font/icons/emerald.png","chars":[""],"height":9,"ascent":8 },
    { "type":"bitmap","file":"crystal_creations:font/icons/exclamation.png","chars":[""],"height":9,"ascent":8 },
    { "type":"bitmap","file":"crystal_creations:font/icons/fire.png","chars":[""],"height":9,"ascent":8 },
    { "type":"bitmap","file":"crystal_creations:font/icons/fish_grey.png","chars":[""],"height":9,"ascent":8 },
    { "type":"bitmap","file":"crystal_creations:font/icons/fish.png","chars":[""],"height":9,"ascent":8 },
    { "type":"bitmap","file":"crystal_creations:font/icons/flag_white.png","chars":[""],"height":9,"ascent":8 },
    { "type":"bitmap","file":"crystal_creations:font/icons/flag.png","chars":[""],"height":9,"ascent":8 },
    { "type":"bitmap","file":"crystal_creations:font/icons/helmet.png","chars":[""],"height":9,"ascent":8 },
    { "type":"bitmap","file":"crystal_creations:font/icons/leaf.png","chars":[""],"height":9,"ascent":8 },
    { "type":"bitmap","file":"crystal_creations:font/icons/lightbulb.png","chars":[""],"height":9,"ascent":8 },
    { "type":"bitmap","file":"crystal_creations:font/icons/lock.png","chars":[""],"height":9,"ascent":8 },
    { "type":"bitmap","file":"crystal_creations:font/icons/magnet.png","chars":[""],"height":9,"ascent":8 },
    { "type":"bitmap","file":"crystal_creations:font/icons/medal_bronze.png","chars":[""],"height":9,"ascent":8 },
    { "type":"bitmap","file":"crystal_creations:font/icons/medal_gold.png","chars":[""],"height":9,"ascent":8 },
    { "type":"bitmap","file":"crystal_creations:font/icons/medal_silver.png","chars":[""],"height":9,"ascent":8 },
    { "type":"bitmap","file":"crystal_creations:font/icons/money.png","chars":[""],"height":9,"ascent":8 },
    { "type":"bitmap","file":"crystal_creations:font/icons/no.png","chars":[""],"height":9,"ascent":8 },
    { "type":"bitmap","file":"crystal_creations:font/icons/palmtree.png","chars":[""],"height":9,"ascent":8 },
    { "type":"bitmap","file":"crystal_creations:font/icons/seashell.png","chars":[""],"height":9,"ascent":8 },
    { "type":"bitmap","file":"crystal_creations:font/icons/starfish.png","chars":[""],"height":9,"ascent":8 },
    { "type":"bitmap","file":"crystal_creations:font/icons/yes.png","chars":[""],"height":9,"ascent":8 },

    /* ===== HIGHLANDER RANKS ===== */
    { "type":"bitmap","file":"highlanderranks:owner.png","chars":[""],"height":9,"ascent":8 },
    { "type":"bitmap","file":"highlanderranks:admin.png","chars":[""],"height":9,"ascent":8 },
    { "type":"bitmap","file":"highlanderranks:developer.png","chars":[""],"height":9,"ascent":8 },
    { "type":"bitmap","file":"highlanderranks:mod.png","chars":[""],"height":9,"ascent":8 },
    { "type":"bitmap","file":"highlanderranks:builder.png","chars":[""],"height":9,"ascent":8 },
    { "type":"bitmap","file":"highlanderranks:helper.png","chars":[""],"height":9,"ascent":8 },
    { "type":"bitmap","file":"highlanderranks:youtube.png","chars":[""],"height":9,"ascent":8 },
    { "type":"bitmap","file":"highlanderranks:twitch.png","chars":[""],"height":9,"ascent":8 },
    { "type":"bitmap","file":"highlanderranks:ultravip.png","chars":[""],"height":9,"ascent":8 },
    { "type":"bitmap","file":"highlanderranks:megavip.png","chars":[""],"height":9,"ascent":8 },
    { "type":"bitmap","file":"highlanderranks:vipplus.png","chars":[""],"height":9,"ascent":8 },
    { "type":"bitmap","file":"highlanderranks:vip.png","chars":[""],"height":9,"ascent":8 },
    { "type":"bitmap","file":"highlanderranks:legend.png","chars":[""],"height":9,"ascent":8 },
    { "type":"bitmap","file":"highlanderranks:hero.png","chars":[""],"height":9,"ascent":8 },
    { "type":"bitmap","file":"highlanderranks:elite.png","chars":[""],"height":9,"ascent":8 },
    { "type":"bitmap","file":"highlanderranks:player.png","chars":[""],"height":9,"ascent":8 },

    /* ===== IAINTERNAL GUI ===== */
    { "type":"bitmap","file":"_iainternal:gui/no_recipe.png","chars":[""],"height":9,"ascent":47 },
    { "type":"bitmap","file":"_iainternal:gui/crafting.png","chars":[""],"height":9,"ascent":47 },
    { "type":"bitmap","file":"_iainternal:gui/cooking.png","chars":[""],"height":9,"ascent":47 },
    { "type":"bitmap","file":"_iainternal:gui/blank_menu.png","chars":[""],"height":9,"ascent":47 },
    { "type":"bitmap","file":"_iainternal:gui/anvil_repair.png","chars":[""],"height":9,"ascent":47 },
    { "type":"bitmap","file":"_iainternal:gui/smithing.png","chars":[""],"height":9,"ascent":47 },

    /* ===== TELEPORTATION HUB ===== */
    { "type":"bitmap","file":"teleportation_hub:teleportation_hub/rtp_menu_overworld.png","chars":[""],"height":256,"ascent":48 },
    { "type":"bitmap","file":"teleportation_hub:teleportation_hub/rtp_menu_nether.png","chars":[""],"height":256,"ascent":48 },
    { "type":"bitmap","file":"teleportation_hub:teleportation_hub/rtp_menu_end.png","chars":[""],"height":256,"ascent":48 },
    { "type":"bitmap","file":"teleportation_hub:teleportation_hub/rtp_menu_resource.png","chars":[""],"height":256,"ascent":48 },

    /* ===== CUBEJOBS EMPTY (FIXED) ===== */
    { "type":"bitmap","file":"cubejobs:misc/empty.png","chars":["ṭ"],"height":1,"ascent":0 }

  ]
}
