{
  "providers": [

    /* ===== SPACING / BLACK ===== */
    {
      "type": "bitmap",
      "file": "char/black.png",
      "chars": [
        "","","","","","","","",
        "","","","","","",
        "","","","","","","","",
        "","","","","","",""
      ],
      "height": 8,
      "ascent": -8
    },

    /* ===== CRYSTAL CREATIONS ===== */
    { "type":"bitmap","file":"crystal_creations:font/icons/anchor.png","chars":[""],"height":9,"ascent":8 },
    { "type":"bitmap","file":"crystal_creations:font/icons/bomb.png","chars":[""],"height":9,"ascent":8 },
    { "type":"bitmap","file":"crystal_creations:font/icons/candy.png","chars":[""],"height":9,"ascent":8 },
    { "type":"bitmap","file":"crystal_creations:font/icons/chest.png","chars":[""],"height":9,"ascent":8 },
    { "type":"bitmap","file":"crystal_creations:font/icons/clover.png","chars":[""],"height":9,"ascent":8 },
    { "type":"bitmap","file":"crystal_creations:font/icons/cog.png","chars":[""],"height":9,"ascent":8 },
    { "type":"bitmap","file":"crystal_creations:font/icons/compass.png","chars":[""],"height":9,"ascent":8 },
    { "type":"bitmap","file":"crystal_creations:font/icons/earth.png","chars":[""],"height":9,"ascent":8 },
    { "type":"bitmap","file":"crystal_creations:font/icons/emerald.png","chars":[""],"height":9,"ascent":8 },
    { "type":"bitmap","file":"crystal_creations:font/icons/fire.png","chars":[""],"height":9,"ascent":8 },
    { "type":"bitmap","file":"crystal_creations:font/icons/leaf.png","chars":[""],"height":9,"ascent":8 },

    /* ===== HIGHLANDER RANKS ===== */
    { "type":"bitmap","file":"highlanderranks:owner.png","chars":[""],"height":9,"ascent":8 },
    { "type":"bitmap","file":"highlanderranks:admin.png","chars":[""],"height":9,"ascent":8 },
    { "type":"bitmap","file":"highlanderranks:developer.png","chars":[""],"height":9,"ascent":8 },
    { "type":"bitmap","file":"highlanderranks:mod.png","chars":[""],"height":9,"ascent":8 },
    { "type":"bitmap","file":"highlanderranks:builder.png","chars":[""],"height":9,"ascent":8 },
    { "type":"bitmap","file":"highlanderranks:helper.png","chars":[""],"height":9,"ascent":8 },

    /* ===== IAINTERNAL GUI ===== */
    { "type":"bitmap","file":"_iainternal:gui/no_recipe.png","chars":[""],"height":256,"ascent":40 },
    { "type":"bitmap","file":"_iainternal:gui/crafting.png","chars":[""],"height":256,"ascent":40 },
    { "type":"bitmap","file":"_iainternal:gui/cooking.png","chars":[""],"height":256,"ascent":40 },
    { "type":"bitmap","file":"_iainternal:gui/blank_menu.png","chars":[""],"height":256,"ascent":40 },
    { "type":"bitmap","file":"_iainternal:gui/anvil_repair.png","chars":[""],"height":256,"ascent":40 },
    { "type":"bitmap","file":"_iainternal:gui/smithing.png","chars":[""],"height":256,"ascent":40 },

    /* ===== TELEPORTATION HUB ===== */
    { "type":"bitmap","file":"teleportation_hub:teleportation_hub/rtp_menu_overworld.png","chars":[""],"height":256,"ascent":48 },
    { "type":"bitmap","file":"teleportation_hub:teleportation_hub/rtp_menu_nether.png","chars":[""],"height":256,"ascent":48 },
    { "type":"bitmap","file":"teleportation_hub:teleportation_hub/rtp_menu_end.png","chars":[""],"height":256,"ascent":48 },
    { "type":"bitmap","file":"teleportation_hub:teleportation_hub/rtp_menu_resource.png","chars":[""],"height":256,"ascent":48 },

    /* ===== CUBEJOBS ===== */
    { "type":"bitmap","file":"cubejobs:icon/empty.png","chars":["Ṩ"],"height":8,"ascent":8 },
    { "type":"bitmap","file":"cubejobs:icon/exp.png","chars":["ṩ"],"height":9,"ascent":8 },
    { "type":"bitmap","file":"cubejobs:icon/filled.png","chars":["Ṫ"],"height":8,"ascent":8 }

  ]
}
