{"credit":"Made with Blockbench","texture_size":[128,128],"textures":{"0":"elitecreatures:wukong_animated/wukong_texture_01","2":"elitecreatures:wukong_animated/wukong_animation_02","3":"elitecreatures:wukong_animated/wukong_animation_03","4":"elitecreatures:wukong_animated/wukong_animation_01","particle":"elitecreatures:wukong_animated/wukong_texture_01"},"elements":[{"from":[-2.4,0,0],"to":[1.6,12,3],"rotation":{"angle":0,"axis":"y","origin":[16,0,0]},"faces":{"north":{"uv":[8.625,1.375,9.125,2.875],"texture":"#0"},"east":{"uv":[9.125,1.375,9.5,2.875],"texture":"#0"},"south":{"uv":[8.625,1.375,9.125,2.875],"texture":"#0"},"west":{"uv":[9.125,1.375,9.5,2.875],"texture":"#0"},"up":{"uv":[6.625,3.75,7.125,4.125],"texture":"#0"},"down":{"uv":[6.625,3.75,7.125,4.125],"texture":"#0"}}},{"from":[14.4,0,0],"to":[18.4,12,3],"faces":{"north":{"uv":[9.125,1.375,8.625,2.875],"texture":"#0"},"east":{"uv":[9.5,1.375,9.125,2.875],"texture":"#0"},"south":{"uv":[9.125,1.375,8.625,2.875],"texture":"#0"},"west":{"uv":[9.5,1.375,9.125,2.875],"texture":"#0"},"up":{"uv":[7.125,3.75,6.625,4.125],"texture":"#0"},"down":{"uv":[7.125,3.75,6.625,4.125],"texture":"#0"}}},{"from":[14.4,0,13],"to":[18.4,12,16],"rotation":{"angle":0,"axis":"y","origin":[0,0,16]},"faces":{"north":{"uv":[8.625,1.375,9.125,2.875],"texture":"#0"},"east":{"uv":[9.125,1.375,9.5,2.875],"texture":"#0"},"south":{"uv":[8.625,1.375,9.125,2.875],"texture":"#0"},"west":{"uv":[9.125,1.375,9.5,2.875],"texture":"#0"},"up":{"uv":[7.125,4.125,6.625,3.75],"texture":"#0"},"down":{"uv":[7.125,4.125,6.625,3.75],"texture":"#0"}}},{"from":[-2.4,0,13],"to":[1.6,12,16],"rotation":{"angle":0,"axis":"y","origin":[16,0,16]},"faces":{"north":{"uv":[9.125,1.375,8.625,2.875],"texture":"#0"},"east":{"uv":[9.5,1.375,9.125,2.875],"texture":"#0"},"south":{"uv":[9.125,1.375,8.625,2.875],"texture":"#0"},"west":{"uv":[9.5,1.375,9.125,2.875],"texture":"#0"},"up":{"uv":[6.625,4.125,7.125,3.75],"texture":"#0"},"down":{"uv":[6.625,4.125,7.125,3.75],"texture":"#0"}}},{"from":[-1.5,0,1],"to":[17.5,11,15],"faces":{"north":{"uv":[2.25,8.25,4.625,9.625],"texture":"#0"},"east":{"uv":[5.25,4.3125,7,5.6875],"texture":"#0"},"south":{"uv":[2.25,8.25,4.625,9.625],"texture":"#0"},"west":{"uv":[5.25,4.3125,7,5.6875],"texture":"#0"},"up":{"uv":[4.625,5.6875,7,7.4375],"texture":"#0"},"down":{"uv":[4.625,5.6875,7,7.4375],"texture":"#0"}}},{"from":[-3.5,0,-1],"to":[2.5,4,4],"rotation":{"angle":0,"axis":"y","origin":[16,0,0]},"faces":{"north":{"uv":[7,4.3125,7.75,4.8125],"texture":"#0"},"east":{"uv":[7.75,4.3125,8.375,4.8125],"texture":"#0"},"south":{"uv":[7,4.3125,7.75,4.8125],"texture":"#0"},"west":{"uv":[7.75,4.3125,8.375,4.8125],"texture":"#0"},"up":{"uv":[8.375,4.25,9.125,4.875],"texture":"#0"},"down":{"uv":[8.375,4.25,9.125,4.875],"texture":"#0"}}},{"from":[-7,-3.5,-2.5],"to":[11,10.5,-2.5],"rotation":{"angle":0,"axis":"y","origin":[0,1,8]},"faces":{"north":{"uv":[0,0,9,7],"texture":"#4"},"east":{"uv":[0,0,0,7],"texture":"#4"},"south":{"uv":[9,0,0,7],"texture":"#4"},"west":{"uv":[0,0,0,4.5],"texture":"#missing"},"up":{"uv":[0,8,0,0],"rotation":90,"texture":"#missing"},"down":{"uv":[0,0,0,8],"rotation":270,"texture":"#missing"}}},{"from":[5.65,17,1.3],"to":[10.15,21.1,1.3],"rotation":{"angle":22.5,"axis":"x","origin":[7.9,17.05,0.2]},"faces":{"north":{"uv":[2.75,0.5125,3.3125,0],"texture":"#0"},"east":{"uv":[0.9375,1.6375,0.9375,1.125],"texture":"#0"},"south":{"uv":[3.3125,0.5125,2.75,0],"texture":"#0"},"west":{"uv":[0.9375,1.6375,0.9375,1.125],"texture":"#0"},"up":{"uv":[0.875,1.5,0.875,0.9375],"rotation":90,"texture":"#0"},"down":{"uv":[0.875,1.5,0.875,0.9375],"rotation":270,"texture":"#0"}}},{"from":[5.65,17,1.1],"to":[10.15,21.1,1.1],"rotation":{"angle":22.5,"axis":"x","origin":[7.9,17.05,0.2]},"faces":{"north":{"uv":[2.75,0.5125,3.3125,0],"texture":"#0"},"east":{"uv":[0.9375,1.6375,0.9375,1.125],"texture":"#0"},"south":{"uv":[3.3125,0.5125,2.75,0],"texture":"#0"},"west":{"uv":[0.9375,1.6375,0.9375,1.125],"texture":"#0"},"up":{"uv":[0.875,1.5,0.875,0.9375],"rotation":90,"texture":"#0"},"down":{"uv":[0.875,1.5,0.875,0.9375],"rotation":270,"texture":"#0"}}},{"from":[10.65,14,1.1],"to":[15.15,18.1,1.1],"rotation":{"angle":22.5,"axis":"x","origin":[7.9,17.05,0.2]},"faces":{"north":{"uv":[2.75,0.5125,3.3125,0],"texture":"#0"},"east":{"uv":[0.9375,1.6375,0.9375,1.125],"texture":"#0"},"south":{"uv":[3.3125,0.5125,2.75,0],"texture":"#0"},"west":{"uv":[0.9375,1.6375,0.9375,1.125],"texture":"#0"},"up":{"uv":[0.875,1.5,0.875,0.9375],"rotation":90,"texture":"#0"},"down":{"uv":[0.875,1.5,0.875,0.9375],"rotation":270,"texture":"#0"}}},{"from":[10.65,14,1.3],"to":[15.15,18.1,1.3],"rotation":{"angle":22.5,"axis":"x","origin":[7.9,17.05,0.2]},"faces":{"north":{"uv":[2.75,0.5125,3.3125,0],"texture":"#0"},"east":{"uv":[0.9375,1.6375,0.9375,1.125],"texture":"#0"},"south":{"uv":[3.3125,0.5125,2.75,0],"texture":"#0"},"west":{"uv":[0.9375,1.6375,0.9375,1.125],"texture":"#0"},"up":{"uv":[0.875,1.5,0.875,0.9375],"rotation":90,"texture":"#0"},"down":{"uv":[0.875,1.5,0.875,0.9375],"rotation":270,"texture":"#0"}}},{"from":[0.85,14,1.1],"to":[5.35,18.1,1.1],"rotation":{"angle":22.5,"axis":"x","origin":[8.1,17.05,0.2]},"faces":{"north":{"uv":[3.3125,0.5125,2.75,0],"texture":"#0"},"east":{"uv":[0.9375,1.6375,0.9375,1.125],"texture":"#0"},"south":{"uv":[2.75,0.5125,3.3125,0],"texture":"#0"},"west":{"uv":[0.9375,1.6375,0.9375,1.125],"texture":"#0"},"up":{"uv":[0.875,0.9375,0.875,1.5],"rotation":90,"texture":"#0"},"down":{"uv":[0.875,0.9375,0.875,1.5],"rotation":270,"texture":"#0"}}},{"from":[0.85,14,1.3],"to":[5.35,18.1,1.3],"rotation":{"angle":22.5,"axis":"x","origin":[8.1,17.05,0.2]},"faces":{"north":{"uv":[3.3125,0.5125,2.75,0],"texture":"#0"},"east":{"uv":[0.9375,1.6375,0.9375,1.125],"texture":"#0"},"south":{"uv":[2.75,0.5125,3.3125,0],"texture":"#0"},"west":{"uv":[0.9375,1.6375,0.9375,1.125],"texture":"#0"},"up":{"uv":[0.875,0.9375,0.875,1.5],"rotation":90,"texture":"#0"},"down":{"uv":[0.875,0.9375,0.875,1.5],"rotation":270,"texture":"#0"}}},{"from":[5,-1.5,-1.9],"to":[23,12.5,-1.9],"rotation":{"angle":0,"axis":"y","origin":[16,1,8]},"faces":{"north":{"uv":[9,0,0,7],"texture":"#4"},"east":{"uv":[0,0,0,4.5],"texture":"#missing"},"south":{"uv":[0,0,9,7],"texture":"#4"},"west":{"uv":[0,0,0,7],"texture":"#4"},"up":{"uv":[0,0,0,8],"rotation":90,"texture":"#missing"},"down":{"uv":[0,8,0,0],"rotation":270,"texture":"#missing"}}},{"from":[-3.5,0,12],"to":[2.5,4,17],"rotation":{"angle":0,"axis":"y","origin":[16,0,16]},"faces":{"north":{"uv":[7.75,4.3125,7,4.8125],"texture":"#0"},"east":{"uv":[8.375,4.3125,7.75,4.8125],"texture":"#0"},"south":{"uv":[7.75,4.3125,7,4.8125],"texture":"#0"},"west":{"uv":[8.375,4.3125,7.75,4.8125],"texture":"#0"},"up":{"uv":[8.375,4.875,9.125,4.25],"texture":"#0"},"down":{"uv":[8.375,4.875,9.125,4.25],"texture":"#0"}}},{"from":[13.5,0,-1],"to":[19.5,4,4],"faces":{"north":{"uv":[7.75,4.3125,7,4.8125],"texture":"#0"},"east":{"uv":[8.375,4.3125,7.75,4.8125],"texture":"#0"},"south":{"uv":[7.75,4.3125,7,4.8125],"texture":"#0"},"west":{"uv":[8.375,4.3125,7.75,4.8125],"texture":"#0"},"up":{"uv":[9.125,4.25,8.375,4.875],"texture":"#0"},"down":{"uv":[9.125,4.25,8.375,4.875],"texture":"#0"}}},{"from":[-0.8,14.5922,9.91655],"to":[-0.8,27.5922,31.91655],"rotation":{"angle":-45,"axis":"x","origin":[8,18.0922,9.81655]},"faces":{"north":{"uv":[0,0,0,5],"rotation":180,"texture":"#2"},"east":{"uv":[6.5,0,0,11],"rotation":270,"texture":"#2"},"south":{"uv":[0,5,0,0],"texture":"#2"},"west":{"uv":[0,0,6.5,11],"rotation":90,"texture":"#2"},"up":{"uv":[0,0,0,10],"rotation":180,"texture":"#2"},"down":{"uv":[0,0,0,10],"texture":"#2"}}},{"from":[16.8,14.5922,9.91655],"to":[16.8,27.5922,31.91655],"rotation":{"angle":-45,"axis":"x","origin":[8,18.0922,9.81655]},"faces":{"north":{"uv":[0,0,0,5],"rotation":180,"texture":"#2"},"east":{"uv":[0,11,6.5,0],"rotation":90,"texture":"#2"},"south":{"uv":[0,5,0,0],"texture":"#2"},"west":{"uv":[6.5,11,0,0],"rotation":270,"texture":"#2"},"up":{"uv":[0,0,0,10],"rotation":180,"texture":"#2"},"down":{"uv":[0,0,0,10],"texture":"#2"}}},{"from":[13.5,0,12],"to":[19.5,4,17],"rotation":{"angle":0,"axis":"y","origin":[0,0,16]},"faces":{"north":{"uv":[7,4.3125,7.75,4.8125],"texture":"#0"},"east":{"uv":[7.75,4.3125,8.375,4.8125],"texture":"#0"},"south":{"uv":[7,4.3125,7.75,4.8125],"texture":"#0"},"west":{"uv":[7.75,4.3125,8.375,4.8125],"texture":"#0"},"up":{"uv":[9.125,4.875,8.375,4.25],"texture":"#0"},"down":{"uv":[9.125,4.875,8.375,4.25],"texture":"#0"}}},{"from":[-2.5,0.1,0],"to":[18.5,2,16],"faces":{"north":{"uv":[2.625,14.375,0,14.625],"texture":"#0"},"east":{"uv":[5,12.125,3,12.375],"texture":"#0"},"south":{"uv":[2.625,14.375,0,14.625],"texture":"#0"},"west":{"uv":[5,12.125,3,12.375],"texture":"#0"},"up":{"uv":[2.625,12.375,0,14.375],"texture":"#0"},"down":{"uv":[2.625,12.375,0,14.375],"texture":"#0"}}},{"from":[-2,10.6,3],"to":[18,18.1,13],"rotation":{"angle":0,"axis":"y","origin":[8.05,9.9,7]},"faces":{"north":{"uv":[4.1875,9.625,6.6875,10.5625],"texture":"#0"},"east":{"uv":[4.625,8.5625,5.8125,9.5],"texture":"#0"},"south":{"uv":[4.1875,9.625,6.6875,10.5625],"texture":"#0"},"west":{"uv":[4.625,8.5625,5.8125,9.5],"texture":"#0"},"up":{"uv":[3,9.625,4.1875,12.125],"rotation":270,"texture":"#0"},"down":{"uv":[3,9.625,4.1875,12.125],"rotation":270,"texture":"#0"}}},{"from":[6,6.5,-6],"to":[10,12.5,-1.5],"rotation":{"angle":22.5,"axis":"x","origin":[0,-0.5,0]},"faces":{"north":{"uv":[4.75,10.5625,5.25,11.3125],"texture":"#0"},"east":{"uv":[4.1875,10.5625,4.75,11.3125],"texture":"#0"},"south":{"uv":[4.75,10.5625,5.25,11.3125],"texture":"#0"},"west":{"uv":[4.75,10.5625,4.1875,11.3125],"texture":"#0"},"up":{"uv":[4.1875,11.3125,4.6875,11.875],"texture":"#0"},"down":{"uv":[4.1875,11.3125,4.6875,11.875],"texture":"#0"}}},{"from":[-3.05,16,4.5],"to":[2.05,19,11.5],"rotation":{"angle":0,"axis":"y","origin":[7.95,9.9,7]},"faces":{"north":{"uv":[8.25,1.425,8.625,2.05],"rotation":90,"texture":"#0"},"east":{"uv":[8.1875,3.325,8.5625,4.2],"rotation":270,"texture":"#0"},"south":{"uv":[8.25,1.425,8.625,2.05],"rotation":90,"texture":"#0"},"west":{"uv":[8.1875,3.325,8.5625,4.2],"rotation":270,"texture":"#0"},"up":{"uv":[7.55,3.325,8.175,4.2],"texture":"#0"},"down":{"uv":[7.55,3.325,8.175,4.2],"texture":"#0"}}},{"from":[-2.95,7.49062,-0.48737],"to":[1.95,17.49062,3.01263],"rotation":{"angle":22.5,"axis":"x","origin":[7.95,9.9,7.4]},"faces":{"north":{"uv":[7.45,2.0625,8.0625,3.3125],"texture":"#0"},"east":{"uv":[8.5,2.0625,8.0625,3.3125],"texture":"#0"},"south":{"uv":[7.45,2.0625,8.0625,3.3125],"texture":"#0"},"west":{"uv":[8.5,2.0625,8.0625,3.3125],"texture":"#0"},"up":{"uv":[7.125,3.45,7.5625,4.0625],"rotation":90,"texture":"#0"},"down":{"uv":[7.125,3.45,7.5625,4.0625],"rotation":90,"texture":"#0"}}},{"from":[-2.95,7.49062,12.98737],"to":[1.95,17.49062,16.48737],"rotation":{"angle":-22.5,"axis":"x","origin":[7.95,9.9,8.6]},"faces":{"north":{"uv":[8.0625,2.0625,7.45,3.3125],"texture":"#0"},"east":{"uv":[8.0625,2.0625,8.5,3.3125],"texture":"#0"},"south":{"uv":[8.0625,2.0625,7.45,3.3125],"texture":"#0"},"west":{"uv":[8.0625,2.0625,8.5,3.3125],"texture":"#0"},"up":{"uv":[7.5625,3.45,7.125,4.0625],"rotation":90,"texture":"#0"},"down":{"uv":[7.5625,3.45,7.125,4.0625],"rotation":90,"texture":"#0"}}},{"from":[14.05,7.49062,-0.48737],"to":[18.95,17.49062,3.01263],"rotation":{"angle":22.5,"axis":"x","origin":[8.05,9.9,7.4]},"faces":{"north":{"uv":[8.0625,2.0625,7.45,3.3125],"texture":"#0"},"east":{"uv":[8.0625,2.0625,8.5,3.3125],"texture":"#0"},"south":{"uv":[8.0625,2.0625,7.45,3.3125],"texture":"#0"},"west":{"uv":[8.0625,2.0625,8.5,3.3125],"texture":"#0"},"up":{"uv":[7.125,4.0625,7.5625,3.45],"rotation":90,"texture":"#0"},"down":{"uv":[7.125,4.0625,7.5625,3.45],"rotation":90,"texture":"#0"}}},{"from":[13.95,16,4.5],"to":[19.05,19,11.5],"rotation":{"angle":0,"axis":"y","origin":[8.05,9.9,7]},"faces":{"north":{"uv":[8.25,2.05,8.625,1.425],"rotation":90,"texture":"#0"},"east":{"uv":[8.1875,4.2,8.5625,3.325],"rotation":270,"texture":"#0"},"south":{"uv":[8.25,2.05,8.625,1.425],"rotation":90,"texture":"#0"},"west":{"uv":[8.1875,4.2,8.5625,3.325],"rotation":270,"texture":"#0"},"up":{"uv":[8.175,3.325,7.55,4.2],"texture":"#0"},"down":{"uv":[8.175,3.325,7.55,4.2],"texture":"#0"}}},{"from":[14.05,7.49062,12.98737],"to":[18.95,17.49062,16.48737],"rotation":{"angle":-22.5,"axis":"x","origin":[8.05,9.9,8.6]},"faces":{"north":{"uv":[7.45,2.0625,8.0625,3.3125],"texture":"#0"},"east":{"uv":[8.5,2.0625,8.0625,3.3125],"texture":"#0"},"south":{"uv":[7.45,2.0625,8.0625,3.3125],"texture":"#0"},"west":{"uv":[8.5,2.0625,8.0625,3.3125],"texture":"#0"},"up":{"uv":[7.5625,4.0625,7.125,3.45],"rotation":90,"texture":"#0"},"down":{"uv":[7.5625,4.0625,7.125,3.45],"rotation":90,"texture":"#0"}}},{"from":[0,7.97435,0],"to":[16,16.97435,3],"rotation":{"angle":22.5,"axis":"x","origin":[8.05,9.9,7.4]},"faces":{"north":{"uv":[4.625,7.4375,6.625,8.5625],"texture":"#0"},"east":{"uv":[6.625,7.4375,7,8.5625],"texture":"#0"},"south":{"uv":[4.625,7.4375,6.625,8.5625],"texture":"#0"},"west":{"uv":[6.625,7.4375,7,8.5625],"texture":"#0"},"up":{"uv":[2.25,9.625,2.625,11.625],"rotation":270,"texture":"#0"},"down":{"uv":[2.25,9.625,2.625,11.625],"rotation":270,"texture":"#0"}}},{"from":[0,7.97435,13],"to":[16,16.97435,16],"rotation":{"angle":-22.5,"axis":"x","origin":[8.05,9.9,8.6]},"faces":{"north":{"uv":[6.625,7.4375,4.625,8.5625],"texture":"#0"},"east":{"uv":[7,7.4375,6.625,8.5625],"texture":"#0"},"south":{"uv":[6.625,7.4375,4.625,8.5625],"texture":"#0"},"west":{"uv":[7,7.4375,6.625,8.5625],"texture":"#0"},"up":{"uv":[2.625,9.625,2.25,11.625],"rotation":270,"texture":"#0"},"down":{"uv":[2.625,9.625,2.25,11.625],"rotation":270,"texture":"#0"}}},{"from":[-7.73232,20.25214,7.02286],"to":[-4.73232,22.25214,9.02286],"rotation":{"angle":45,"axis":"x","origin":[8.01768,21.25,8]},"faces":{"north":{"uv":[4.75,1.1875,5,1.5625],"rotation":90,"texture":"#0"},"east":{"uv":[1.1875,2.125,1.4375,2.375],"rotation":270,"texture":"#0"},"south":{"uv":[4.75,1.1875,5,1.5625],"rotation":270,"texture":"#0"},"west":{"uv":[1.1875,2.125,1.4375,2.375],"rotation":90,"texture":"#0"},"up":{"uv":[4.75,1.1875,5,1.5625],"rotation":270,"texture":"#0"},"down":{"uv":[4.75,1.1875,5,1.5625],"rotation":270,"texture":"#0"}}},{"from":[21.26768,20.25214,7.02286],"to":[24.26768,22.25214,9.02286],"rotation":{"angle":45,"axis":"x","origin":[8.01768,21.25,8]},"faces":{"north":{"uv":[4.75,1.8125,5,1.4375],"rotation":90,"texture":"#0"},"east":{"uv":[1.4375,2.125,1.1875,2.375],"rotation":270,"texture":"#0"},"south":{"uv":[4.75,1.8125,5,1.4375],"rotation":270,"texture":"#0"},"west":{"uv":[1.4375,2.125,1.1875,2.375],"rotation":90,"texture":"#0"},"up":{"uv":[4.75,1.8125,5,1.4375],"rotation":270,"texture":"#0"},"down":{"uv":[4.75,1.8125,5,1.4375],"rotation":270,"texture":"#0"}}},{"from":[22.96768,17.7375,4.4875],"to":[22.96768,24.7375,11.4875],"rotation":{"angle":45,"axis":"x","origin":[8.01768,21.25,8]},"faces":{"north":{"uv":[0,0,0.875,0],"rotation":90,"texture":"#missing"},"east":{"uv":[4.625,0.875,5.5,0],"rotation":180,"texture":"#0"},"south":{"uv":[0,0,0.875,0],"rotation":270,"texture":"#missing"},"west":{"uv":[4.625,0,5.5,0.875],"texture":"#0"},"up":{"uv":[0,0,0.875,0],"rotation":270,"texture":"#missing"},"down":{"uv":[0,0,0.875,0],"rotation":270,"texture":"#missing"}}},{"from":[23.16768,17.7375,4.4875],"to":[23.16768,24.7375,11.4875],"rotation":{"angle":45,"axis":"x","origin":[8.01768,21.25,8]},"faces":{"north":{"uv":[0,0,0.875,0],"rotation":90,"texture":"#missing"},"east":{"uv":[4.625,0.875,5.5,0],"rotation":180,"texture":"#0"},"south":{"uv":[0,0,0.875,0],"rotation":270,"texture":"#missing"},"west":{"uv":[4.625,0,5.5,0.875],"texture":"#0"},"up":{"uv":[0,0,0.875,0],"rotation":270,"texture":"#missing"},"down":{"uv":[0,0,0.875,0],"rotation":270,"texture":"#missing"}}},{"from":[23.26768,19.54712,6.27788],"to":[31.76768,23.04712,9.77788],"rotation":{"angle":45,"axis":"x","origin":[8.01768,21.25,8]},"faces":{"north":{"uv":[5,2.25,5.4375,1.1875],"rotation":90,"texture":"#0"},"east":{"uv":[5,2.6875,5.4375,2.25],"rotation":180,"texture":"#0"},"south":{"uv":[5,2.25,5.4375,1.1875],"rotation":270,"texture":"#0"},"west":{"uv":[5,2.6875,5.4375,2.25],"texture":"#0"},"up":{"uv":[5,2.25,5.4375,1.1875],"rotation":270,"texture":"#0"},"down":{"uv":[5,2.25,5.4375,1.1875],"rotation":270,"texture":"#0"}}},{"from":[20.71768,20.75747,7.48247],"to":[22.81768,22.85747,9.58247],"rotation":{"angle":-45,"axis":"x","origin":[8.01768,21.25,8]},"faces":{"north":{"uv":[1.9375,2.9375,2.1875,3.1875],"rotation":90,"texture":"#0"},"east":{"uv":[2.25,2.625,2.5,2.875],"rotation":180,"texture":"#0"},"south":{"uv":[2.1875,2.9375,1.9375,3.1875],"rotation":270,"texture":"#0"},"west":{"uv":[2.25,2.875,2.5,2.625],"texture":"#0"},"up":{"uv":[2.5,2.875,2.25,3.125],"rotation":270,"texture":"#0"},"down":{"uv":[2.5,2.875,2.25,3.125],"rotation":270,"texture":"#0"}}},{"from":[18.26768,19.90214,6.77286],"to":[20.76768,22.40214,9.27286],"rotation":{"angle":45,"axis":"x","origin":[8.01768,21.25,8]},"faces":{"north":{"uv":[1.875,1.625,2.1875,1.9375],"rotation":270,"texture":"#0"},"east":{"uv":[1.875,1.9375,2.1875,2.25],"rotation":180,"texture":"#0"},"south":{"uv":[1.875,1.625,2.1875,1.9375],"rotation":90,"texture":"#0"},"west":{"uv":[1.875,1.9375,2.1875,2.25],"texture":"#0"},"up":{"uv":[1.875,1.625,2.1875,1.9375],"rotation":90,"texture":"#0"},"down":{"uv":[1.875,1.625,2.1875,1.9375],"rotation":90,"texture":"#0"}}},{"from":[-2.73232,20.25214,7.02286],"to":[18.26768,22.25214,9.02286],"rotation":{"angle":45,"axis":"x","origin":[8.01768,21.25,8]},"faces":{"north":{"uv":[4.75,1.1875,5,3.8125],"rotation":90,"texture":"#0"},"east":{"uv":[1.1875,2.125,1.4375,2.375],"rotation":270,"texture":"#0"},"south":{"uv":[4.75,1.1875,5,3.8125],"rotation":270,"texture":"#0"},"west":{"uv":[1.1875,2.125,1.4375,2.375],"rotation":90,"texture":"#0"},"up":{"uv":[4.75,1.1875,5,3.8125],"rotation":270,"texture":"#0"},"down":{"uv":[4.75,1.1875,5,3.8125],"rotation":270,"texture":"#0"}}},{"from":[-4.73232,20.00214,6.77286],"to":[-2.23232,22.50214,9.27286],"rotation":{"angle":45,"axis":"x","origin":[8.01768,21.25,8]},"faces":{"north":{"uv":[1.875,1.625,2.1875,1.9375],"rotation":90,"texture":"#0"},"east":{"uv":[1.875,1.9375,2.1875,2.25],"rotation":180,"texture":"#0"},"south":{"uv":[1.875,1.625,2.1875,1.9375],"rotation":270,"texture":"#0"},"west":{"uv":[1.875,1.9375,2.1875,2.25],"texture":"#0"},"up":{"uv":[1.875,1.625,2.1875,1.9375],"rotation":270,"texture":"#0"},"down":{"uv":[1.875,1.625,2.1875,1.9375],"rotation":270,"texture":"#0"}}},{"from":[-6.78232,20.75747,7.48247],"to":[-4.68232,22.85747,9.58247],"rotation":{"angle":-45,"axis":"x","origin":[8.01768,21.25,8]},"faces":{"north":{"uv":[1.9375,3.1875,2.1875,2.9375],"rotation":90,"texture":"#0"},"east":{"uv":[2.25,2.625,2.5,2.875],"rotation":180,"texture":"#0"},"south":{"uv":[2.1875,3.1875,1.9375,2.9375],"rotation":270,"texture":"#0"},"west":{"uv":[2.25,2.875,2.5,2.625],"texture":"#0"},"up":{"uv":[2.5,3.125,2.25,2.875],"rotation":270,"texture":"#0"},"down":{"uv":[2.5,3.125,2.25,2.875],"rotation":270,"texture":"#0"}}},{"from":[-6.83232,17.7375,4.4875],"to":[-6.83232,24.7375,11.4875],"rotation":{"angle":45,"axis":"x","origin":[8.01768,21.25,8]},"faces":{"north":{"uv":[0,0,0.875,0],"rotation":90,"texture":"#missing"},"east":{"uv":[4.625,0.875,5.5,0],"rotation":180,"texture":"#0"},"south":{"uv":[0,0,0.875,0],"rotation":270,"texture":"#missing"},"west":{"uv":[4.625,0,5.5,0.875],"texture":"#0"},"up":{"uv":[0,0,0.875,0],"rotation":270,"texture":"#missing"},"down":{"uv":[0,0,0.875,0],"rotation":270,"texture":"#missing"}}},{"from":[-7.03232,17.7375,4.4875],"to":[-7.03232,24.7375,11.4875],"rotation":{"angle":45,"axis":"x","origin":[8.01768,21.25,8]},"faces":{"north":{"uv":[0,0,0.875,0],"rotation":90,"texture":"#missing"},"east":{"uv":[4.625,0.875,5.5,0],"rotation":180,"texture":"#0"},"south":{"uv":[0,0,0.875,0],"rotation":270,"texture":"#missing"},"west":{"uv":[4.625,0,5.5,0.875],"texture":"#0"},"up":{"uv":[0,0,0.875,0],"rotation":270,"texture":"#missing"},"down":{"uv":[0,0,0.875,0],"rotation":270,"texture":"#missing"}}},{"from":[-15.73232,19.54712,6.27788],"to":[-7.23232,23.04712,9.77788],"rotation":{"angle":45,"axis":"x","origin":[8.01768,21.25,8]},"faces":{"north":{"uv":[5,1.1875,5.4375,2.25],"rotation":90,"texture":"#0"},"east":{"uv":[5,2.25,5.4375,2.6875],"rotation":180,"texture":"#0"},"south":{"uv":[5,1.1875,5.4375,2.25],"rotation":270,"texture":"#0"},"west":{"uv":[5,2.25,5.4375,2.6875],"texture":"#0"},"up":{"uv":[5,1.1875,5.4375,2.25],"rotation":270,"texture":"#0"},"down":{"uv":[5,1.1875,5.4375,2.25],"rotation":270,"texture":"#0"}}},{"from":[20.71768,20.5,6.48232],"to":[22.81768,22,9.48232],"rotation":{"angle":0,"axis":"y","origin":[8.01768,21.25,8]},"faces":{"north":{"uv":[1,3.2,1.1875,2.9375],"rotation":90,"texture":"#0"},"east":{"uv":[1.5625,2.9375,1.9375,3.125],"rotation":180,"texture":"#0"},"south":{"uv":[1,3.2,1.1875,2.9375],"rotation":270,"texture":"#0"},"west":{"uv":[1.5625,2.9375,1.9375,3.125],"texture":"#0"},"up":{"uv":[1.1875,2.9375,1.5625,3.2],"rotation":270,"texture":"#0"},"down":{"uv":[1.1875,2.9375,1.5625,3.2],"rotation":270,"texture":"#0"}}},{"from":[20.71768,19.64253,7.48247],"to":[22.81768,21.74253,9.58247],"rotation":{"angle":45,"axis":"x","origin":[8.01768,21.25,8]},"faces":{"north":{"uv":[2.1875,2.9375,1.9375,3.1875],"rotation":90,"texture":"#0"},"east":{"uv":[2.25,2.875,2.5,2.625],"rotation":180,"texture":"#0"},"south":{"uv":[1.9375,2.9375,2.1875,3.1875],"rotation":270,"texture":"#0"},"west":{"uv":[2.25,2.625,2.5,2.875],"texture":"#0"},"up":{"uv":[2.25,2.875,2.5,3.125],"rotation":270,"texture":"#0"},"down":{"uv":[2.25,2.875,2.5,3.125],"rotation":270,"texture":"#0"}}},{"from":[-6.78232,19.64253,7.48247],"to":[-4.68232,21.74253,9.58247],"rotation":{"angle":45,"axis":"x","origin":[8.01768,21.25,8]},"faces":{"north":{"uv":[2.1875,3.1875,1.9375,2.9375],"rotation":90,"texture":"#0"},"east":{"uv":[2.25,2.875,2.5,2.625],"rotation":180,"texture":"#0"},"south":{"uv":[1.9375,3.1875,2.1875,2.9375],"rotation":270,"texture":"#0"},"west":{"uv":[2.25,2.625,2.5,2.875],"texture":"#0"},"up":{"uv":[2.25,3.125,2.5,2.875],"rotation":270,"texture":"#0"},"down":{"uv":[2.25,3.125,2.5,2.875],"rotation":270,"texture":"#0"}}},{"from":[-6.78232,20.5,6.48232],"to":[-4.68232,22,9.48232],"rotation":{"angle":0,"axis":"y","origin":[8.01768,21.25,8]},"faces":{"north":{"uv":[1,2.9375,1.1875,3.2],"rotation":90,"texture":"#0"},"east":{"uv":[1.5625,3.125,1.9375,2.9375],"rotation":180,"texture":"#0"},"south":{"uv":[1,2.9375,1.1875,3.2],"rotation":270,"texture":"#0"},"west":{"uv":[1.5625,3.125,1.9375,2.9375],"texture":"#0"},"up":{"uv":[1.1875,3.2,1.5625,2.9375],"rotation":270,"texture":"#0"},"down":{"uv":[1.1875,3.2,1.5625,2.9375],"rotation":270,"texture":"#0"}}},{"from":[-4,7.5,-0.9],"to":[20,11.5,17.1],"rotation":{"angle":0,"axis":"y","origin":[8.05,12.9,7]},"faces":{"north":{"uv":[0,11.875,3,12.375],"texture":"#0"},"east":{"uv":[2.25,7.75,4.5,8.25],"texture":"#0"},"south":{"uv":[0,11.875,3,12.375],"texture":"#0"},"west":{"uv":[2.25,7.75,4.5,8.25],"texture":"#0"},"up":{"uv":[0,8.875,2.25,11.875],"rotation":270,"texture":"#0"},"down":{"uv":[0,8.875,2.25,11.875],"rotation":270,"texture":"#0"}}},{"from":[4,23.5,7.75],"to":[12,31.5,7.75],"rotation":{"angle":-22.5,"axis":"y","origin":[8,27.5,7.75]},"faces":{"north":{"uv":[0,0,16,16],"texture":"#3"},"east":{"uv":[0,0,0,16],"texture":"#3"},"south":{"uv":[16,0,0,16],"texture":"#3"},"west":{"uv":[0,0,0,16],"texture":"#missing"},"up":{"uv":[0,16,0,0],"rotation":90,"texture":"#missing"},"down":{"uv":[0,0,0,16],"rotation":270,"texture":"#missing"}}},{"from":[4,23.5,7.75],"to":[12,31.5,7.75],"rotation":{"angle":22.5,"axis":"y","origin":[8,27.5,7.75]},"faces":{"north":{"uv":[0,0,16,16],"texture":"#3"},"east":{"uv":[0,0,0,16],"texture":"#3"},"south":{"uv":[16,0,0,16],"texture":"#3"},"west":{"uv":[0,0,0,16],"texture":"#missing"},"up":{"uv":[0,16,0,0],"rotation":90,"texture":"#missing"},"down":{"uv":[0,0,0,16],"rotation":270,"texture":"#missing"}}}],"gui_light":"front","display":{"thirdperson_righthand":{"rotation":[60.75,0,0],"scale":[0.42773,0.42773,0.42773]},"thirdperson_lefthand":{"rotation":[60.75,0,0],"scale":[0.42773,0.42773,0.42773]},"firstperson_righthand":{"rotation":[-180,41.75,-180],"translation":[12.25,-8,-18.5],"scale":[0.80469,0.80469,0.80469]},"firstperson_lefthand":{"rotation":[-180,41.75,-180],"translation":[12.25,-8,-18.5],"scale":[0.80469,0.80469,0.80469]},"ground":{"translation":[0,0.25,0],"scale":[0.54492,0.54492,0.54492]},"gui":{"rotation":[16,159,0],"translation":[0,-2.5,0],"scale":[0.39844,0.39844,0.39844]},"head":{"translation":[0,-35,-0.75],"scale":[1.06,1.06,1.06]},"fixed":{"rotation":[-90,0,0],"translation":[0,0,-9.75],"scale":[1.36328,1.36328,1.36328]}}}