{"credit":"Made with Blockbench","texture_size":[128,128],"textures":{"0":"elitecreatures:krampus_animated/krampus_texture","1":"elitecreatures:krampus_animated/krampus_animation","2":"elitecreatures:krampus_animated/krampus_animation2","particle":"elitecreatures:krampus_animated/krampus_texture"},"elements":[{"from":[4.5,6,1.5],"to":[12.5,13,9.5],"rotation":{"angle":-45,"axis":"y","origin":[8,7.5,5]},"faces":{"north":{"uv":[11.1875,15.125,10.1875,16],"texture":"#0"},"east":{"uv":[10.1875,15.125,9.1875,16],"texture":"#0"},"south":{"uv":[9.1875,15.125,10.1875,16],"texture":"#0"},"west":{"uv":[10.1875,15.125,11.1875,16],"texture":"#0"}}},{"from":[3.5,13,0.5],"to":[13.5,16,10.5],"rotation":{"angle":-45,"axis":"y","origin":[8,14,5]},"faces":{"north":{"uv":[10.4375,14.375,9.1875,14.75],"texture":"#0"},"east":{"uv":[10.4375,14.75,9.1875,15.125],"texture":"#0"},"south":{"uv":[9.1875,14.75,10.4375,15.125],"texture":"#0"},"west":{"uv":[9.1875,14.375,10.4375,14.75],"texture":"#0"},"up":{"uv":[11.1875,14.75,12.4375,16],"texture":"#0"},"down":{"uv":[12.4375,14.75,13.6875,16],"texture":"#0"}}},{"from":[4,3.5,1],"to":[13,6,10],"rotation":{"angle":-45,"axis":"y","origin":[8,-1.5,5]},"faces":{"north":{"uv":[10.3125,13.75,9.1875,14.0625],"texture":"#0"},"east":{"uv":[10.3125,14.0625,9.1875,14.375],"texture":"#0"},"south":{"uv":[9.1875,14.0625,10.3125,14.375],"texture":"#0"},"west":{"uv":[9.1875,13.75,10.3125,14.0625],"texture":"#0"},"up":{"uv":[13.4375,14.75,12.3125,13.625],"texture":"#0"},"down":{"uv":[12.3125,14.75,11.1875,13.625],"texture":"#0"}}},{"from":[4.86679,23.7,0.72861],"to":[4.86679,29.7,4.72861],"rotation":{"angle":45,"axis":"y","origin":[4.70745,24.22164,3.35515]},"faces":{"north":{"uv":[0.9375,1,1.25,1.625],"texture":"#0"},"east":{"uv":[4.5625,0,5.0625,0.75],"texture":"#0"},"south":{"uv":[1.25,1,1.5625,1.625],"texture":"#0"},"west":{"uv":[5.0625,0,4.5625,0.75],"texture":"#0"},"up":{"uv":[1.9375,0.3125,1.625,0],"rotation":180,"texture":"#0"},"down":{"uv":[1.9375,0.3125,1.625,0],"rotation":180,"texture":"#0"}}},{"from":[4.05,19.24329,2.74498],"to":[5.55,24.24329,5.24498],"rotation":{"angle":22.5,"axis":"y","origin":[4.70745,24.22164,3.35515]},"faces":{"north":{"uv":[1.125,1,0.9375,1.625],"texture":"#0"},"east":{"uv":[0.625,1,0.9375,1.625],"texture":"#0"},"south":{"uv":[1.25,1,1.4375,1.625],"texture":"#0"},"west":{"uv":[0.9375,1,0.625,1.625],"texture":"#0"},"up":{"uv":[1.8125,0.3125,1.625,0],"rotation":180,"texture":"#0"},"down":{"uv":[1.8125,0.3125,1.625,0],"rotation":180,"texture":"#0"}}},{"from":[4.3,18.14759,3.54217],"to":[6.3,21.14759,8.54217],"rotation":{"angle":22.5,"axis":"x","origin":[6.38425,22.23744,3.31095]},"faces":{"north":{"uv":[6.375,6.3125,6.75,6.5625],"rotation":90,"texture":"#0"},"east":{"uv":[0.625,0,1,0.625],"rotation":90,"texture":"#0"},"south":{"uv":[2.625,7.1875,3,7.4375],"rotation":90,"texture":"#0"},"west":{"uv":[0.625,0.625,1,0],"rotation":90,"texture":"#0"},"up":{"uv":[1.625,0.375,1,0.625],"rotation":270,"texture":"#0"},"down":{"uv":[1.625,0.25,1,0],"rotation":270,"texture":"#0"}}},{"from":[11.13321,23.7,0.72861],"to":[11.13321,29.7,4.72861],"rotation":{"angle":-45,"axis":"y","origin":[11.29255,24.22164,3.35515]},"faces":{"north":{"uv":[1.25,1,0.9375,1.625],"texture":"#0"},"east":{"uv":[4.5625,0,5.0625,0.75],"texture":"#0"},"south":{"uv":[1.5625,1,1.25,1.625],"texture":"#0"},"west":{"uv":[5.0625,0,4.5625,0.75],"texture":"#0"},"up":{"uv":[1.625,0.3125,1.9375,0],"rotation":180,"texture":"#0"},"down":{"uv":[1.625,0.3125,1.9375,0],"rotation":180,"texture":"#0"}}},{"from":[10.45,19.24329,2.74498],"to":[11.95,24.24329,5.24498],"rotation":{"angle":-22.5,"axis":"y","origin":[11.29255,24.22164,3.35515]},"faces":{"north":{"uv":[0.9375,1,1.125,1.625],"texture":"#0"},"east":{"uv":[0.625,1,0.9375,1.625],"texture":"#0"},"south":{"uv":[1.4375,1,1.25,1.625],"texture":"#0"},"west":{"uv":[0.9375,1,0.625,1.625],"texture":"#0"},"up":{"uv":[1.625,0.3125,1.8125,0],"rotation":180,"texture":"#0"},"down":{"uv":[1.625,0.3125,1.8125,0],"rotation":180,"texture":"#0"}}},{"from":[9.7,18.14759,3.54217],"to":[11.7,21.14759,8.54217],"rotation":{"angle":22.5,"axis":"x","origin":[9.61575,22.23744,3.31095]},"faces":{"north":{"uv":[6.375,6.5625,6.75,6.3125],"rotation":90,"texture":"#0"},"east":{"uv":[0.625,0,1,0.625],"rotation":90,"texture":"#0"},"south":{"uv":[2.625,7.4375,3,7.1875],"rotation":90,"texture":"#0"},"west":{"uv":[0.625,0.625,1,0],"rotation":90,"texture":"#0"},"up":{"uv":[1.625,0.625,1,0.375],"rotation":270,"texture":"#0"},"down":{"uv":[1.625,0,1,0.25],"rotation":270,"texture":"#0"}}},{"from":[9.9,15,5.1],"to":[14.9,19,5.1],"rotation":{"angle":-22.5,"axis":"y","origin":[10.9,16,5.1]},"faces":{"north":{"uv":[4.5,0.8125,3.875,1.3125],"texture":"#0"},"east":{"uv":[0,0,0,0.5],"texture":"#missing"},"south":{"uv":[3.875,0.8125,4.5,1.3125],"texture":"#0"},"west":{"uv":[0,0,0,0.5],"texture":"#missing"},"up":{"uv":[0,0.625,0,0],"rotation":90,"texture":"#missing"},"down":{"uv":[0,0.625,0,0],"rotation":270,"texture":"#missing"}}},{"from":[6.1,14.5,4],"to":[11.1,19.5,4],"rotation":{"angle":-45,"axis":"z","origin":[8.1,17.5,6]},"faces":{"north":{"uv":[0,0,10,10],"texture":"#2"},"east":{"uv":[0,0,0,10],"texture":"#missing"},"south":{"uv":[0,0,10,10],"texture":"#2"},"west":{"uv":[0,0,0,10],"texture":"#missing"},"up":{"uv":[0,10,0,0],"rotation":90,"texture":"#missing"},"down":{"uv":[0,0,0,10],"rotation":270,"texture":"#missing"}}},{"from":[10.2,13,0.8],"to":[10.2,17,4.8],"rotation":{"angle":-22.5,"axis":"y","origin":[10.2,15,2.8]},"faces":{"north":{"uv":[0,0,0,12],"texture":"#missing"},"east":{"uv":[5.625,0.5,5.125,0],"rotation":90,"texture":"#0"},"south":{"uv":[0,0,0,12],"rotation":180,"texture":"#missing"},"west":{"uv":[5.125,0.5,5.625,0],"rotation":270,"texture":"#0"},"up":{"uv":[0,0,0,12],"rotation":180,"texture":"#missing"},"down":{"uv":[0,0,0,12],"texture":"#missing"}}},{"from":[6.2,13,1.8],"to":[6.2,17,5.8],"rotation":{"angle":22.5,"axis":"y","origin":[6.2,15,3.8]},"faces":{"north":{"uv":[0,0,0,12],"texture":"#missing"},"east":{"uv":[5.125,0,5.625,0.5],"rotation":270,"texture":"#0"},"south":{"uv":[0,0,0,12],"rotation":180,"texture":"#missing"},"west":{"uv":[5.625,0,5.125,0.5],"rotation":90,"texture":"#0"},"up":{"uv":[0,0,0,12],"rotation":180,"texture":"#missing"},"down":{"uv":[0,0,0,12],"texture":"#missing"}}},{"from":[1.1,15,5.1],"to":[6.1,19,5.1],"rotation":{"angle":22.5,"axis":"y","origin":[5.1,16,5.1]},"faces":{"north":{"uv":[3.875,0.8125,4.5,1.3125],"texture":"#0"},"east":{"uv":[0,0,0,0.5],"texture":"#missing"},"south":{"uv":[4.5,0.8125,3.875,1.3125],"texture":"#0"},"west":{"uv":[0,0,0,0.5],"texture":"#missing"},"up":{"uv":[0,0,0,0.625],"rotation":90,"texture":"#missing"},"down":{"uv":[0,0,0,0.625],"rotation":270,"texture":"#missing"}}},{"from":[6.1,14.5,4.1],"to":[11.1,19.5,8.1],"rotation":{"angle":-45,"axis":"z","origin":[8.1,17.5,6.1]},"faces":{"north":{"uv":[0,0,0.625,0.625],"rotation":90,"texture":"#0"},"east":{"uv":[0,0.625,0.625,1.125],"rotation":90,"texture":"#0"},"south":{"uv":[10.5625,15.125,11.1875,14.5],"rotation":90,"texture":"#0"},"west":{"uv":[10.5625,14,11.1875,14.5],"rotation":90,"texture":"#0"},"up":{"uv":[11.1875,13.375,10.6875,14],"rotation":90,"texture":"#0"},"down":{"uv":[0,0.625,0.625,1.125],"texture":"#0"}}},{"from":[5.4,20,2],"to":[11.4,31,2],"rotation":{"angle":0,"axis":"y","origin":[8.4,25,2]},"faces":{"north":{"uv":[0,0,6,11],"texture":"#1"},"east":{"uv":[0,0,0,8],"texture":"#missing"},"south":{"uv":[6,0,0,11],"texture":"#1"},"west":{"uv":[0,0,0,8],"texture":"#missing"},"up":{"uv":[0,6,0,0],"rotation":90,"texture":"#missing"},"down":{"uv":[0,0,0,6],"rotation":270,"texture":"#missing"}}}],"gui_light":"front","display":{"thirdperson_righthand":{"rotation":[55,0,0],"translation":[0,2,1.75],"scale":[0.4,0.4,0.4]},"thirdperson_lefthand":{"rotation":[77,180,0],"translation":[-5.75,-9.5,7]},"firstperson_righthand":{"rotation":[0,134,0],"translation":[10,-4,-12.25]},"firstperson_lefthand":{"scale":[0,0,0]},"ground":{"rotation":[80,0,0],"translation":[0,0.5,-1.25],"scale":[0.6,0.6,0.6]},"gui":{"rotation":[23,154,0],"translation":[0.5,-3.5,0],"scale":[0.67617,0.67617,0.67617]},"head":{"rotation":[6,180,0],"translation":[0,-54.25,6.5],"scale":[1.6,1.6,1.6]},"fixed":{"translation":[0,-3.5,-2],"scale":[1.4,1.4,1.4]}}}