{"credit":"Made with Blockbench","texture_size":[8,8],"textures":{"0":"elitecreatures:krampus_animated/krampus_texture","2":"elitecreatures:krampus_animated/krampus_animation2","particle":"elitecreatures:krampus_animated/krampus_texture"},"elements":[{"from":[6,6.5,5],"to":[10,11.5,10],"rotation":{"angle":-45,"axis":"x","origin":[8,9.5,8]},"faces":{"north":{"uv":[0,0.625,0.625,1.125],"rotation":90,"texture":"#0"},"east":{"uv":[0,0.625,0.625,0],"rotation":90,"texture":"#0"},"south":{"uv":[0,1.125,0.625,1.625],"rotation":90,"texture":"#0"},"west":{"uv":[0,0,0.625,0.625],"rotation":90,"texture":"#0"},"up":{"uv":[0.625,1.125,0,1.625],"rotation":90,"texture":"#0"},"down":{"uv":[0,0.625,0.625,1.125],"rotation":90,"texture":"#0"}}},{"from":[6.75,11.27254,10.76084],"to":[9.25,16.27254,13.26084],"rotation":{"angle":0,"axis":"y","origin":[8,14.23744,12.56548]},"faces":{"north":{"uv":[1.25,1,1.5625,1.625],"texture":"#0"},"east":{"uv":[0.9375,1,0.625,1.625],"texture":"#0"},"south":{"uv":[0.9375,1,1.25,1.625],"texture":"#0"},"west":{"uv":[0.625,1,0.9375,1.625],"texture":"#0"},"up":{"uv":[1.9375,0.3125,1.625,0],"texture":"#0"},"down":{"uv":[1.9375,0.3125,1.625,0],"texture":"#0"}}},{"from":[6.5,10.20163,7.28022],"to":[9.5,13.20163,12.28022],"rotation":{"angle":-22.5,"axis":"x","origin":[8,14.23744,12.56548]},"faces":{"north":{"uv":[1.75,3.1875,2.375,3.6875],"rotation":90,"texture":"#0"},"east":{"uv":[0.625,0.625,1,0],"rotation":90,"texture":"#0"},"south":{"uv":[0.625,0.625,1,1],"rotation":90,"texture":"#0"},"west":{"uv":[0.625,0,1,0.625],"rotation":90,"texture":"#0"},"up":{"uv":[1.625,0.75,1,0.375],"rotation":90,"texture":"#0"},"down":{"uv":[1.625,0.375,1,0],"rotation":90,"texture":"#0"}}},{"from":[6.75,11.27254,2.73916],"to":[9.25,16.27254,5.23916],"rotation":{"angle":0,"axis":"y","origin":[8,14.23744,3.43452]},"faces":{"north":{"uv":[1.25,1,0.9375,1.625],"texture":"#0"},"east":{"uv":[0.625,1,0.9375,1.625],"texture":"#0"},"south":{"uv":[1.5625,1,1.25,1.625],"texture":"#0"},"west":{"uv":[0.9375,1,0.625,1.625],"texture":"#0"},"up":{"uv":[1.9375,0,1.625,0.3125],"texture":"#0"},"down":{"uv":[1.9375,0,1.625,0.3125],"texture":"#0"}}},{"from":[6.5,10.20163,3.71978],"to":[9.5,13.20163,8.71978],"rotation":{"angle":22.5,"axis":"x","origin":[8,14.23744,3.43452]},"faces":{"north":{"uv":[0.625,1,1,0.625],"rotation":90,"texture":"#0"},"east":{"uv":[0.625,0,1,0.625],"rotation":90,"texture":"#0"},"south":{"uv":[1.75,3.6875,2.375,3.1875],"rotation":90,"texture":"#0"},"west":{"uv":[0.625,0.625,1,0],"rotation":90,"texture":"#0"},"up":{"uv":[1,0.75,1.625,0.375],"rotation":90,"texture":"#0"},"down":{"uv":[1,0.375,1.625,0],"rotation":90,"texture":"#0"}}},{"from":[9,15.8,1.2],"to":[9,21.8,5.2],"rotation":{"angle":0,"axis":"y","origin":[8,15.03744,3.53452]},"faces":{"north":{"uv":[0.9375,1,1.25,1.625],"texture":"#0"},"east":{"uv":[4.5625,0,5.0625,0.75],"texture":"#0"},"south":{"uv":[1.25,1,1.5625,1.625],"texture":"#0"},"west":{"uv":[5.0625,0,4.5625,0.75],"texture":"#0"},"up":{"uv":[1.625,0,1.9375,0.3125],"texture":"#0"},"down":{"uv":[1.625,0,1.9375,0.3125],"texture":"#0"}}},{"from":[9,15.8,10.8],"to":[9,21.8,14.8],"rotation":{"angle":0,"axis":"y","origin":[8,15.03744,12.46548]},"faces":{"north":{"uv":[1.5625,1,1.25,1.625],"texture":"#0"},"east":{"uv":[5.0625,0,4.5625,0.75],"texture":"#0"},"south":{"uv":[1.25,1,0.9375,1.625],"texture":"#0"},"west":{"uv":[4.5625,0,5.0625,0.75],"texture":"#0"},"up":{"uv":[1.625,0.3125,1.9375,0],"texture":"#0"},"down":{"uv":[1.625,0.3125,1.9375,0],"texture":"#0"}}},{"from":[7,15.8,10.8],"to":[7,21.8,14.8],"rotation":{"angle":0,"axis":"y","origin":[8,15.03744,12.46548]},"faces":{"north":{"uv":[1.25,1,1.5625,1.625],"texture":"#0"},"east":{"uv":[5.0625,0,4.5625,0.75],"texture":"#0"},"south":{"uv":[0.9375,1,1.25,1.625],"texture":"#0"},"west":{"uv":[4.5625,0,5.0625,0.75],"texture":"#0"},"up":{"uv":[1.9375,0.3125,1.625,0],"texture":"#0"},"down":{"uv":[1.9375,0.3125,1.625,0],"texture":"#0"}}},{"from":[7,15.8,1.2],"to":[7,21.8,5.2],"rotation":{"angle":0,"axis":"y","origin":[8,15.03744,3.53452]},"faces":{"north":{"uv":[1.25,1,0.9375,1.625],"texture":"#0"},"east":{"uv":[4.5625,0,5.0625,0.75],"texture":"#0"},"south":{"uv":[1.5625,1,1.25,1.625],"texture":"#0"},"west":{"uv":[5.0625,0,4.5625,0.75],"texture":"#0"},"up":{"uv":[1.9375,0,1.625,0.3125],"texture":"#0"},"down":{"uv":[1.9375,0,1.625,0.3125],"texture":"#0"}}},{"from":[7,-12,7],"to":[9,5,9],"rotation":{"angle":45,"axis":"y","origin":[8,-8,8]},"faces":{"north":{"uv":[3.625,2.75,3.375,4.875],"texture":"#0"},"east":{"uv":[3.375,2.75,3.625,4.875],"texture":"#0"},"south":{"uv":[3.625,2.75,3.375,4.875],"texture":"#0"},"west":{"uv":[3.375,2.75,3.625,4.875],"texture":"#0"},"up":{"uv":[3.625,2.75,3.375,3],"texture":"#0"},"down":{"uv":[3.625,2.75,3.375,3],"texture":"#0"}}},{"from":[6.75,5,6.75],"to":[9.25,7.5,9.25],"rotation":{"angle":45,"axis":"y","origin":[8,1.5,8]},"faces":{"north":{"uv":[2.8125,2.5625,2.5,2.25],"texture":"#0"},"east":{"uv":[2.5,2.5625,2.8125,2.25],"texture":"#0"},"south":{"uv":[2.8125,2.5625,2.5,2.25],"texture":"#0"},"west":{"uv":[2.5,2.5625,2.8125,2.25],"texture":"#0"},"up":{"uv":[2.8125,2.875,2.5,2.5625],"texture":"#0"},"down":{"uv":[2.8125,2.875,2.5,2.5625],"texture":"#0"}}},{"from":[6.25,-14,6.5],"to":[10.25,-11,10.5],"rotation":{"angle":-22.5,"axis":"x","origin":[8.25,-12.5,8.5]},"faces":{"north":{"uv":[3.8125,0.75,3.3125,0.375],"texture":"#0"},"east":{"uv":[3.8125,0.375,3.3125,0],"texture":"#0"},"south":{"uv":[3.8125,0.75,3.3125,0.375],"texture":"#0"},"west":{"uv":[3.8125,0.375,3.3125,0],"texture":"#0"},"up":{"uv":[3.8125,1.25,3.3125,0.75],"texture":"#0"},"down":{"uv":[3.8125,1.25,3.3125,0.75],"texture":"#0"}}},{"from":[8.25,-12,10],"to":[8.25,-7.5,16],"rotation":{"angle":45,"axis":"x","origin":[8.25,-10,4.5]},"faces":{"north":{"uv":[3.8125,1.25,3.3125,0.75],"rotation":180,"texture":"#0"},"east":{"uv":[4.4375,0,3.875,0.75],"rotation":270,"texture":"#0"},"south":{"uv":[3.8125,1.25,3.3125,0.75],"texture":"#0"},"west":{"uv":[4.4375,0.75,3.875,0],"rotation":270,"texture":"#0"},"up":{"uv":[3.8125,0.75,3.3125,0.375],"texture":"#0"},"down":{"uv":[3.8125,0.75,3.3125,0.375],"rotation":180,"texture":"#0"}}},{"from":[6.5,4,0.8],"to":[9.5,5,3.8],"rotation":{"angle":0,"axis":"y","origin":[8,5.625,2.3]},"faces":{"north":{"uv":[2.3125,2.8125,1.9375,2.9375],"texture":"#0"},"east":{"uv":[2.3125,2.6875,1.9375,2.8125],"texture":"#0"},"south":{"uv":[1.9375,2.9375,2.3125,3.0625],"texture":"#0"},"west":{"uv":[1.9375,2.6875,2.3125,2.8125],"texture":"#0"},"up":{"uv":[3.0625,1.5625,3.4375,1.9375],"texture":"#0"},"down":{"uv":[3.4375,1.5625,3.8125,1.9375],"texture":"#0"}}},{"from":[8,5,0.3],"to":[8,8.5,4.3],"rotation":{"angle":45,"axis":"y","origin":[8,5.625,2.3]},"faces":{"north":{"uv":[0,0,0,0.4375],"texture":"#missing"},"east":{"uv":[5.0625,0.875,4.5625,1.3125],"texture":"#0"},"south":{"uv":[0,0,0,0.4375],"texture":"#missing"},"west":{"uv":[4.5625,0.875,5.0625,1.3125],"texture":"#0"},"up":{"uv":[0,0,0,0.5],"texture":"#missing"},"down":{"uv":[0,0,0,0.5],"texture":"#missing"}}},{"from":[8,5,0.3],"to":[8,8.5,4.3],"rotation":{"angle":-45,"axis":"y","origin":[8,5.625,2.3]},"faces":{"north":{"uv":[0,0,0,0.4375],"texture":"#missing"},"east":{"uv":[5.0625,0.875,4.5625,1.3125],"texture":"#0"},"south":{"uv":[0,0,0,0.4375],"texture":"#missing"},"west":{"uv":[4.5625,0.875,5.0625,1.3125],"texture":"#0"},"up":{"uv":[0,0,0,0.5],"texture":"#missing"},"down":{"uv":[0,0,0,0.5],"texture":"#missing"}}},{"from":[9,7,10],"to":[9,11,15],"rotation":{"angle":0,"axis":"y","origin":[9,8,11]},"faces":{"north":{"uv":[0,0,0,0.5],"texture":"#missing"},"east":{"uv":[4.5,0.8125,3.875,1.3125],"texture":"#0"},"south":{"uv":[0,0,0,0.5],"texture":"#missing"},"west":{"uv":[3.875,0.8125,4.5,1.3125],"texture":"#0"},"up":{"uv":[0,0,0,0.625],"texture":"#missing"},"down":{"uv":[0,0,0,0.625],"texture":"#missing"}}},{"from":[9,7,1],"to":[9,11,6],"rotation":{"angle":0,"axis":"y","origin":[9,8,5]},"faces":{"north":{"uv":[0,0,0,0.5],"texture":"#missing"},"east":{"uv":[3.875,0.8125,4.5,1.3125],"texture":"#0"},"south":{"uv":[0,0,0,0.5],"texture":"#missing"},"west":{"uv":[4.5,0.8125,3.875,1.3125],"texture":"#0"},"up":{"uv":[0,0.625,0,0],"texture":"#missing"},"down":{"uv":[0,0.625,0,0],"texture":"#missing"}}},{"from":[7,7,1],"to":[7,11,6],"rotation":{"angle":0,"axis":"y","origin":[7,8,5]},"faces":{"north":{"uv":[0,0,0,0.5],"texture":"#missing"},"east":{"uv":[3.875,0.8125,4.5,1.3125],"texture":"#0"},"south":{"uv":[0,0,0,0.5],"texture":"#missing"},"west":{"uv":[4.5,0.8125,3.875,1.3125],"texture":"#0"},"up":{"uv":[0,0.625,0,0],"texture":"#missing"},"down":{"uv":[0,0.625,0,0],"texture":"#missing"}}},{"from":[7,7,10],"to":[7,11,15],"rotation":{"angle":0,"axis":"y","origin":[7,8,11]},"faces":{"north":{"uv":[0,0,0,0.5],"texture":"#missing"},"east":{"uv":[4.5,0.8125,3.875,1.3125],"texture":"#0"},"south":{"uv":[0,0,0,0.5],"texture":"#missing"},"west":{"uv":[3.875,0.8125,4.5,1.3125],"texture":"#0"},"up":{"uv":[0,0,0,0.625],"texture":"#missing"},"down":{"uv":[0,0,0,0.625],"texture":"#missing"}}},{"from":[7.5,5.02598,9.36898],"to":[8.5,6.02598,11.86898],"rotation":{"angle":22.5,"axis":"x","origin":[8,5.12545,9.93149]},"faces":{"north":{"uv":[1.9375,0.75,1.8125,0.625],"rotation":90,"texture":"#0"},"east":{"uv":[1.9375,0.625,1.8125,0.3125],"rotation":90,"texture":"#0"},"south":{"uv":[1.9375,0.75,1.8125,0.625],"rotation":90,"texture":"#0"},"west":{"uv":[1.9375,0.3125,1.8125,0.625],"rotation":90,"texture":"#0"},"up":{"uv":[3.375,1.5625,3.0625,1.4375],"rotation":90,"texture":"#0"},"down":{"uv":[3.375,1.5625,3.0625,1.4375],"rotation":90,"texture":"#0"}}},{"from":[7.25,4.32837,7.91215],"to":[8.75,6.32837,10.41215],"rotation":{"angle":-22.5,"axis":"x","origin":[8,5.12545,9.93149]},"faces":{"north":{"uv":[1.5625,1,1.375,0.75],"texture":"#0"},"east":{"uv":[3.75,1.5,3.4375,1.25],"texture":"#0"},"south":{"uv":[1.5625,1,1.375,0.75],"texture":"#0"},"west":{"uv":[3.4375,1.5,3.75,1.25],"texture":"#0"},"up":{"uv":[3.0625,1.4375,3.4375,1.25],"rotation":90,"texture":"#0"},"down":{"uv":[3.0625,1.4375,3.4375,1.25],"rotation":90,"texture":"#0"}}},{"from":[7.25,4.32837,5.58785],"to":[8.75,6.32837,8.08785],"rotation":{"angle":22.5,"axis":"x","origin":[8,5.12545,6.06851]},"faces":{"north":{"uv":[1.375,1,1.5625,0.75],"texture":"#0"},"east":{"uv":[3.4375,1.5,3.75,1.25],"texture":"#0"},"south":{"uv":[1.375,1,1.5625,0.75],"texture":"#0"},"west":{"uv":[3.75,1.5,3.4375,1.25],"texture":"#0"},"up":{"uv":[3.4375,1.4375,3.0625,1.25],"rotation":90,"texture":"#0"},"down":{"uv":[3.4375,1.4375,3.0625,1.25],"rotation":90,"texture":"#0"}}},{"from":[7.5,5.02598,4.13102],"to":[8.5,6.02598,6.63102],"rotation":{"angle":-22.5,"axis":"x","origin":[8,5.12545,6.06851]},"faces":{"north":{"uv":[1.9375,0.625,1.8125,0.75],"rotation":90,"texture":"#0"},"east":{"uv":[1.9375,0.3125,1.8125,0.625],"rotation":90,"texture":"#0"},"south":{"uv":[1.9375,0.625,1.8125,0.75],"rotation":90,"texture":"#0"},"west":{"uv":[1.9375,0.625,1.8125,0.3125],"rotation":90,"texture":"#0"},"up":{"uv":[3.0625,1.5625,3.375,1.4375],"rotation":90,"texture":"#0"},"down":{"uv":[3.0625,1.5625,3.375,1.4375],"rotation":90,"texture":"#0"}}},{"from":[7.2,12,4.5],"to":[8.7,14.5,11.5],"rotation":{"angle":0,"axis":"y","origin":[0,0.5,0]},"faces":{"north":{"uv":[4.75,3.0625,4.9375,3.375],"texture":"#0"},"east":{"uv":[3.75,3.0625,4.625,3.375],"texture":"#0"},"south":{"uv":[4.75,3.0625,4.9375,3.375],"texture":"#0"},"west":{"uv":[3.75,3.0625,4.625,3.375],"texture":"#0"},"up":{"uv":[3.625,3.375,3.8125,4.25],"texture":"#0"},"down":{"uv":[3.625,3.375,3.8125,4.25],"texture":"#0"}}},{"from":[7.15,13.85,7.25],"to":[8.65,19.35,8.75],"rotation":{"angle":22.5,"axis":"z","origin":[7.1,14.3,8.1]},"faces":{"north":{"uv":[4.1875,3.375,4.375,4.0625],"texture":"#0"},"east":{"uv":[4.1875,3.375,4,4.0625],"texture":"#0"},"south":{"uv":[4.375,3.375,4.1875,4.0625],"texture":"#0"},"west":{"uv":[4,3.375,3.8125,4.0625],"texture":"#0"},"up":{"uv":[4,4.0625,3.8125,4.25],"texture":"#0"},"down":{"uv":[4,4.0625,3.8125,4.25],"texture":"#0"}}},{"from":[9.05,18.1,7.3],"to":[10.05,21.6,8.7],"rotation":{"angle":45,"axis":"z","origin":[7,14.3,7.8]},"faces":{"north":{"uv":[4.75,3.375,4.875,3.8125],"texture":"#0"},"east":{"uv":[4.75,3.375,4.5625,3.8125],"texture":"#0"},"south":{"uv":[4.875,3.375,4.75,3.8125],"texture":"#0"},"west":{"uv":[4.5625,3.375,4.375,3.8125],"texture":"#0"},"up":{"uv":[4.125,4.0625,4,4.25],"texture":"#0"},"down":{"uv":[4.125,4.0625,4,4.25],"texture":"#0"}}},{"from":[9.05,18.1,4.3],"to":[10.05,21.6,5.7],"rotation":{"angle":45,"axis":"z","origin":[7,14.3,4.8]},"faces":{"north":{"uv":[4.75,3.375,4.875,3.8125],"texture":"#0"},"east":{"uv":[4.75,3.375,4.5625,3.8125],"texture":"#0"},"south":{"uv":[4.875,3.375,4.75,3.8125],"texture":"#0"},"west":{"uv":[4.5625,3.375,4.375,3.8125],"texture":"#0"},"up":{"uv":[4.125,4.0625,4,4.25],"texture":"#0"},"down":{"uv":[4.125,4.0625,4,4.25],"texture":"#0"}}},{"from":[7.15,13.85,4.25],"to":[8.65,19.35,5.75],"rotation":{"angle":22.5,"axis":"z","origin":[7.1,14.3,5.1]},"faces":{"north":{"uv":[4.1875,3.375,4.375,4.0625],"texture":"#0"},"east":{"uv":[4.1875,3.375,4,4.0625],"texture":"#0"},"south":{"uv":[4.375,3.375,4.1875,4.0625],"texture":"#0"},"west":{"uv":[4,3.375,3.8125,4.0625],"texture":"#0"},"up":{"uv":[4,4.0625,3.8125,4.25],"texture":"#0"},"down":{"uv":[4,4.0625,3.8125,4.25],"texture":"#0"}}},{"from":[9.05,18.1,10.3],"to":[10.05,21.6,11.7],"rotation":{"angle":45,"axis":"z","origin":[7,14.3,11.2]},"faces":{"north":{"uv":[4.75,3.375,4.875,3.8125],"texture":"#0"},"east":{"uv":[4.5625,3.375,4.75,3.8125],"texture":"#0"},"south":{"uv":[4.875,3.375,4.75,3.8125],"texture":"#0"},"west":{"uv":[4.375,3.375,4.5625,3.8125],"texture":"#0"},"up":{"uv":[4.125,4.25,4,4.0625],"texture":"#0"},"down":{"uv":[4.125,4.25,4,4.0625],"texture":"#0"}}},{"from":[7.15,13.85,10.25],"to":[8.65,19.35,11.75],"rotation":{"angle":22.5,"axis":"z","origin":[7.1,14.3,10.9]},"faces":{"north":{"uv":[4.1875,3.375,4.375,4.0625],"texture":"#0"},"east":{"uv":[4,3.375,4.1875,4.0625],"texture":"#0"},"south":{"uv":[4.375,3.375,4.1875,4.0625],"texture":"#0"},"west":{"uv":[3.8125,3.375,4,4.0625],"texture":"#0"},"up":{"uv":[4,4.25,3.8125,4.0625],"texture":"#0"},"down":{"uv":[4,4.25,3.8125,4.0625],"texture":"#0"}}},{"from":[5.9,6.5,5],"to":[5.9,11.5,10],"rotation":{"angle":-45,"axis":"x","origin":[7.9,9.5,8]},"faces":{"north":{"uv":[0,0,0,10],"texture":"#2"},"east":{"uv":[10,0,0,10],"texture":"#2"},"south":{"uv":[0,0,0,10],"texture":"#2"},"west":{"uv":[0,0,10,10],"texture":"#2"},"up":{"uv":[0,10,0,0],"texture":"#2"},"down":{"uv":[0,0,0,10],"texture":"#2"}}},{"from":[3.7,5,6],"to":[7.7,9,6],"rotation":{"angle":-22.5,"axis":"y","origin":[5.7,7,6]},"faces":{"north":{"uv":[5.625,0.5,5.125,0],"rotation":90,"texture":"#0"},"east":{"uv":[0,0,0,12],"rotation":180,"texture":"#missing"},"south":{"uv":[5.125,0.5,5.625,0],"rotation":270,"texture":"#0"},"west":{"uv":[0,0,0,12],"texture":"#missing"},"up":{"uv":[0,0,0,12],"rotation":90,"texture":"#missing"},"down":{"uv":[0,0,0,12],"rotation":90,"texture":"#missing"}}},{"from":[3.7,5,10],"to":[7.7,9,10],"rotation":{"angle":22.5,"axis":"y","origin":[5.7,7,10]},"faces":{"north":{"uv":[5.125,0,5.625,0.5],"rotation":270,"texture":"#0"},"east":{"uv":[0,0,0,12],"rotation":180,"texture":"#missing"},"south":{"uv":[5.625,0,5.125,0.5],"rotation":90,"texture":"#0"},"west":{"uv":[0,0,0,12],"texture":"#missing"},"up":{"uv":[0,0,0,12],"rotation":90,"texture":"#missing"},"down":{"uv":[0,0,0,12],"rotation":90,"texture":"#missing"}}},{"from":[8.3,5,10],"to":[12.3,9,10],"rotation":{"angle":-22.5,"axis":"y","origin":[10.3,7,10]},"faces":{"north":{"uv":[5.125,0.5,5.625,0],"rotation":270,"texture":"#0"},"east":{"uv":[0,0,0,12],"texture":"#missing"},"south":{"uv":[5.625,0.5,5.125,0],"rotation":90,"texture":"#0"},"west":{"uv":[0,0,0,12],"rotation":180,"texture":"#missing"},"up":{"uv":[0,12,0,0],"rotation":90,"texture":"#missing"},"down":{"uv":[0,12,0,0],"rotation":90,"texture":"#missing"}}},{"from":[8.3,5,6],"to":[12.3,9,6],"rotation":{"angle":22.5,"axis":"y","origin":[10.3,7,6]},"faces":{"north":{"uv":[5.625,0,5.125,0.5],"rotation":90,"texture":"#0"},"east":{"uv":[0,0,0,12],"texture":"#missing"},"south":{"uv":[5.125,0,5.625,0.5],"rotation":270,"texture":"#0"},"west":{"uv":[0,0,0,12],"rotation":180,"texture":"#missing"},"up":{"uv":[0,12,0,0],"rotation":90,"texture":"#missing"},"down":{"uv":[0,12,0,0],"rotation":90,"texture":"#missing"}}},{"from":[10.1,6.5,5],"to":[10.1,11.5,10],"rotation":{"angle":-45,"axis":"x","origin":[8.1,9.5,8]},"faces":{"north":{"uv":[0,0,0,10],"texture":"#2"},"east":{"uv":[10,0,0,10],"texture":"#2"},"south":{"uv":[0,0,0,10],"texture":"#2"},"west":{"uv":[0,0,10,10],"texture":"#2"},"up":{"uv":[0,10,0,0],"texture":"#2"},"down":{"uv":[0,0,0,10],"texture":"#2"}}}],"gui_light":"front","display":{"thirdperson_righthand":{"translation":[0,4.25,1],"scale":[0.5,0.5,0.5]},"thirdperson_lefthand":{"rotation":[0,180,0],"translation":[0,5,1],"scale":[0.6,0.6,0.6]},"firstperson_righthand":{"rotation":[-24,-107,-10],"translation":[2.75,2.75,-0.75],"scale":[0.5,0.5,0.5]},"firstperson_lefthand":{"rotation":[-20,70,-2],"translation":[2.75,2.75,-0.75],"scale":[0.5,0.5,0.5]},"ground":{"rotation":[180,0,90],"translation":[-4.75,0.25,0],"scale":[0.5,0.5,0.5]},"gui":{"rotation":[39,135,-64],"translation":[-1.25,1,-1.25],"scale":[0.45,0.45,0.45]},"head":{"rotation":[90,-168,90],"translation":[-0.5,11.75,0],"scale":[0.56,0.56,0.56]},"fixed":{"rotation":[0,90,0],"translation":[0,4,-2.25],"scale":[1.07898,1.07898,1.07898]}}}