{"parent":"item/generated","textures":{"layer0":"item/elytra"},"overrides":[{"predicate":{"broken":1},"model":"item/broken_elytra"},{"predicate":{"custom_model_data":10000},"model":"azureset:wings"},{"predicate":{"broken":1,"custom_model_data":10000},"model":"azureset:wings"},{"predicate":{"custom_model_data":10001},"model":"elitecreatures:wukong_animated/wings"},{"predicate":{"broken":1,"custom_model_data":10001},"model":"elitecreatures:wukong_animated/wings"},{"predicate":{"custom_model_data":10002},"model":"item/elytra"}]}