{"parent":"minecraft:item/handheld","textures":{"layer0":"minecraft:item/netherite_sword"},"overrides":[{"predicate":{"custom_model_data":10001},"model":"azureset:hammer"},{"predicate":{"custom_model_data":10001},"model":"azureset:staff"},{"predicate":{"custom_model_data":10002},"model":"azureset:scythe"},{"predicate":{"custom_model_data":10003},"model":"azureset:spear"},{"predicate":{"custom_model_data":10005},"model":"azureset:sword"},{"predicate":{"custom_model_data":10006},"model":"azureset:trident"},{"predicate":{"custom_model_data":10007},"model":"elitecreatures:wukong_animated/dagger"},{"predicate":{"custom_model_data":10009},"model":"elitecreatures:krampus_animated/sword"},{"predicate":{"custom_model_data":10010},"model":"elitecreatures:krampus_animated/dagger"},{"predicate":{"custom_model_data":10011},"model":"elitecreatures:krampus_animated/greatsword"},{"predicate":{"custom_model_data":10012},"model":"elitecreatures:krampus_animated/hammer"},{"predicate":{"custom_model_data":10013},"model":"elitecreatures:krampus_animated/mace"},{"predicate":{"custom_model_data":10014},"model":"elitecreatures:krampus_animated/spear"},{"predicate":{"custom_model_data":10015},"model":"elitecreatures:krampus_animated/staff"},{"predicate":{"custom_model_data":10016},"model":"item/netherite_sword"}]}