{"parent":"minecraft:item/handheld","textures":{"layer0":"minecraft:item/diamond_sword"},"overrides":[{"predicate":{"custom_model_data":10000},"model":"elitecreatures:wukong_animated/sword"},{"predicate":{"custom_model_data":10001},"model":"elitecreatures:wukong_animated/club"},{"predicate":{"custom_model_data":10002},"model":"elitecreatures:wukong_animated/greatsword"},{"predicate":{"custom_model_data":10003},"model":"elitecreatures:wukong_animated/staff"},{"predicate":{"custom_model_data":10004},"model":"elitecreatures:wukong_animated/halberd"},{"predicate":{"custom_model_data":10005},"model":"elitecreatures:wukong_animated/hammer"},{"predicate":{"custom_model_data":10006},"model":"elitecreatures:wukong_animated/spear"},{"predicate":{"custom_model_data":10007},"model":"item/diamond_sword"}]}