{"parent":"item/handheld_rod","textures":{"layer0":"item/fishing_rod"},"overrides":[{"predicate":{"cast":1},"model":"item/fishing_rod_cast"},{"predicate":{"custom_model_data":10002},"model":"azureset:fishing_rod"},{"predicate":{"cast":1,"custom_model_data":10002},"model":"azureset:fishing_rod_cast"},{"predicate":{"custom_model_data":10003},"model":"elitecreatures:wukong_animated/fishing_rod"},{"predicate":{"cast":1,"custom_model_data":10003},"model":"elitecreatures:wukong_animated/fishing_rod_cast"},{"predicate":{"custom_model_data":10004},"model":"item/fishing_rod"}]}