{"parent":"minecraft:item/generated","textures":{"layer0":"minecraft:item/netherite_chestplate"},"overrides":[{"predicate":{"custom_model_data":10000},"model":"azureset:ia_auto_gen/azurechestplate"},{"predicate":{"custom_model_data":10000},"model":"azureset:ia_auto_gen/azurechestplatewings"},{"predicate":{"custom_model_data":10001},"model":"elitecreatures:ia_auto_gen/wukong_animated-chestplate"},{"predicate":{"custom_model_data":10001},"model":"elitecreatures:ia_auto_gen/wwukong_animated-chestplate"},{"predicate":{"custom_model_data":10002},"model":"item/netherite_chestplate"}]}