{"parent":"minecraft:item/generated","textures":{"layer0":"minecraft:item/paper"},"overrides":[{"predicate":{"custom_model_data":7812},"model":"cubejobs:ia_auto_gen/alchemist"},{"predicate":{"custom_model_data":7813},"model":"cubejobs:ia_auto_gen/assassin"},{"predicate":{"custom_model_data":7814},"model":"cubejobs:ia_auto_gen/blacksmith"},{"predicate":{"custom_model_data":7815},"model":"cubejobs:ia_auto_gen/builder"},{"predicate":{"custom_model_data":7816},"model":"cubejobs:ia_auto_gen/crafter"},{"predicate":{"custom_model_data":7817},"model":"cubejobs:ia_auto_gen/digger"},{"predicate":{"custom_model_data":7818},"model":"cubejobs:ia_auto_gen/enchanter"},{"predicate":{"custom_model_data":7819},"model":"cubejobs:ia_auto_gen/farmer"},{"predicate":{"custom_model_data":7820},"model":"cubejobs:ia_auto_gen/fisherman"},{"predicate":{"custom_model_data":7821},"model":"cubejobs:ia_auto_gen/hunter"},{"predicate":{"custom_model_data":7822},"model":"cubejobs:ia_auto_gen/left_arrow"},{"predicate":{"custom_model_data":7823},"model":"cubejobs:ia_auto_gen/lumberjack"},{"predicate":{"custom_model_data":7824},"model":"cubejobs:ia_auto_gen/miner"},{"predicate":{"custom_model_data":7825},"model":"cubejobs:ia_auto_gen/right_arrow"},{"predicate":{"custom_model_data":7826},"model":"cubejobs:ia_auto_gen/smelter"},{"predicate":{"custom_model_data":7827},"model":"cubejobs:ia_auto_gen/air"},{"predicate":{"custom_model_data":10009},"model":"azureset:key"},{"predicate":{"custom_model_data":10060},"model":"elitecreatures:wukong_animated/hat"},{"predicate":{"custom_model_data":10061},"model":"elitecreatures:wukong_animated/wings_self_2"},{"predicate":{"custom_model_data":10062},"model":"elitecreatures:wukong_animated/wings_normal"},{"predicate":{"custom_model_data":10063},"model":"elitecreatures:wukong_animated/wings_normal_2"},{"predicate":{"custom_model_data":10064},"model":"elitecreatures:wukong_animated/wings_self"},{"predicate":{"custom_model_data":10076},"model":"minerals_pack:ia_auto_gen/amethyst_block"},{"predicate":{"custom_model_data":10104},"model":"minerals_pack:ia_auto_gen/amethyst"},{"predicate":{"custom_model_data":10121},"model":"cubeworld:custom/misc_blocks/owls_amethyst"},{"predicate":{"custom_model_data":10122},"model":"workshop_six:medieval_tavern_furniture/tavern_bar_counter"},{"predicate":{"custom_model_data":10123},"model":"workshop_six:medieval_tavern_furniture/tavern_bar_counter_empty"},{"predicate":{"custom_model_data":10124},"model":"workshop_six:medieval_tavern_furniture/tavern_bar_counter_low"},{"predicate":{"custom_model_data":10125},"model":"workshop_six:medieval_tavern_furniture/tavern_bench"},{"predicate":{"custom_model_data":10126},"model":"workshop_six:medieval_tavern_furniture/microphone"},{"predicate":{"custom_model_data":10127},"model":"workshop_six:medieval_tavern_furniture/tavern_bottles"},{"predicate":{"custom_model_data":10128},"model":"workshop_six:medieval_tavern_furniture/tavern_bottle_stack"},{"predicate":{"custom_model_data":10129},"model":"workshop_six:medieval_tavern_furniture/tavern_cabinet"},{"predicate":{"custom_model_data":10130},"model":"workshop_six:medieval_tavern_furniture/tavern_cabinet_empty"},{"predicate":{"custom_model_data":10131},"model":"workshop_six:medieval_tavern_furniture/tavern_keg"},{"predicate":{"custom_model_data":10132},"model":"workshop_six:medieval_tavern_furniture/tavern_keg_station"},{"predicate":{"custom_model_data":10133},"model":"workshop_six:medieval_tavern_furniture/tavern_long_table"},{"predicate":{"custom_model_data":10134},"model":"workshop_six:medieval_tavern_furniture/tavern_pint_glass"},{"predicate":{"custom_model_data":10135},"model":"workshop_six:medieval_tavern_furniture/tavern_shelf"},{"predicate":{"custom_model_data":10136},"model":"workshop_six:medieval_tavern_furniture/tavern_stool"},{"predicate":{"custom_model_data":10137},"model":"item/paper"}]}