{"credit":"Made with Blockbench","textures":{"0":"teleportation_hub:teleportation_hub/shining_effect","particle":"teleportation_hub:teleportation_hub/shining_effect"},"elements":[{"from":[0,0,9],"to":[16,16,9],"rotation":{"angle":0,"axis":"y","origin":[-16,0,9]},"faces":{"north":{"uv":[0,0,16,16],"texture":"#missing"},"east":{"uv":[0,0,0,16],"texture":"#missing"},"south":{"uv":[0,0,16,16],"texture":"#0"},"west":{"uv":[0,0,0,16],"texture":"#missing"},"up":{"uv":[0,0,16,0],"texture":"#missing"},"down":{"uv":[0,0,16,0],"texture":"#missing"}}}],"gui_light":"front","display":{"gui":{"translation":[-17.5,11.75,0]}}}