{"credit":"Made with Blockbench","textures":{"0":"teleportation_hub:teleportation_hub/star_animation_top_left","particle":"teleportation_hub:teleportation_hub/star_animation_top_left"},"elements":[{"from":[-16,23,0],"to":[32,32,0],"faces":{"north":{"uv":[0,7,16,10],"texture":"#0"},"east":{"uv":[0,0,0,16],"texture":"#missing"},"south":{"uv":[0,7,16,10],"texture":"#0"},"west":{"uv":[0,0,0,16],"texture":"#missing"},"up":{"uv":[0,0,16,0],"texture":"#missing"},"down":{"uv":[0,0,16,0],"texture":"#missing"}}}],"gui_light":"front","display":{"gui":{"translation":[-14,-4,0],"scale":[1.34,1.34,1.34]}}}