{"credit":"Made by samus2002","texture_size":[32,32],"textures":{"1":"rpg_essentials_1:rpg_essentials_1_texture/key_wind"},"elements":[{"from":[6,6.5,7],"to":[11,11.5,9],"rotation":{"angle":0,"axis":"y","origin":[8.5,9,8.25]},"faces":{"north":{"uv":[0,5.5,2.5,8],"texture":"#1"},"east":{"uv":[0,8.5,1,11],"texture":"#1"},"south":{"uv":[3,5.5,5.5,8],"texture":"#1"},"west":{"uv":[1.5,8.5,2.5,11],"texture":"#1"},"up":{"uv":[5.5,9.5,3,8.5],"texture":"#1"},"down":{"uv":[11.5,5.5,9,6.5],"texture":"#1"}}},{"from":[4,4.5,8],"to":[13,14.5,8],"rotation":{"angle":0,"axis":"y","origin":[8.5,11.5,8]},"faces":{"north":{"uv":[0,0,4.5,5],"texture":"#1"},"east":{"uv":[8.5,9.5,8.5,14.5],"texture":"#1"},"south":{"uv":[4.5,0,0,5],"texture":"#1"},"west":{"uv":[4.5,10,4.5,15],"texture":"#1"},"up":{"uv":[14.5,4,10,4],"texture":"#1"},"down":{"uv":[14.5,4.5,10,4.5],"texture":"#1"}}},{"from":[7.5,-0.5,7.5],"to":[9.5,6.5,8.5],"rotation":{"angle":0,"axis":"y","origin":[7.5,6.5,7.75]},"faces":{"north":{"uv":[6,5.5,7,9],"texture":"#1"},"east":{"uv":[9,7,9.5,10.5],"texture":"#1"},"south":{"uv":[7.5,5.5,8.5,9],"texture":"#1"},"west":{"uv":[6,9.5,6.5,13],"texture":"#1"},"up":{"uv":[8,10,7,9.5],"texture":"#1"},"down":{"uv":[11,0,10,0.5],"texture":"#1"}}},{"from":[5.5,2.5,8],"to":[7.5,3.5,8],"rotation":{"angle":0,"axis":"y","origin":[7.5,6.5,8.25]},"faces":{"north":{"uv":[10,1,11,1.5],"texture":"#1"},"east":{"uv":[5,10,5,10.5],"texture":"#1"},"south":{"uv":[10,2,11,2.5],"texture":"#1"},"west":{"uv":[5.5,10,5.5,10.5],"texture":"#1"},"up":{"uv":[11,5,10,5],"texture":"#1"},"down":{"uv":[11,7,10,7],"texture":"#1"}}},{"from":[5.5,0.5,8],"to":[7.5,1.5,8],"rotation":{"angle":0,"axis":"y","origin":[7.5,6.5,8.25]},"faces":{"north":{"uv":[3,10,4,10.5],"texture":"#1"},"east":{"uv":[10,7.5,10,8],"texture":"#1"},"south":{"uv":[10,3,11,3.5],"texture":"#1"},"west":{"uv":[10,8.5,10,9],"texture":"#1"},"up":{"uv":[11,9.5,10,9.5],"texture":"#1"},"down":{"uv":[11,10,10,10],"texture":"#1"}}}],"gui_light":"front","display":{"thirdperson_righthand":{"rotation":[180,90,0],"translation":[0,0,0.5],"scale":[0.9,0.9,0.9]},"thirdperson_lefthand":{"rotation":[180,90,0],"translation":[0,0,0.5],"scale":[0.9,0.9,0.9]},"firstperson_righthand":{"rotation":[180,90,0],"translation":[2.25,1,-0.25],"scale":[0.9,0.9,0.9]},"firstperson_lefthand":{"rotation":[180,90,0],"translation":[2.25,1,-0.25],"scale":[0.9,0.9,0.9]},"ground":{"rotation":[90,0,0],"translation":[0,-2,0],"scale":[0.9,0.9,0.9]},"gui":{"rotation":[0,180,0],"translation":[0.5,1.5,0]},"fixed":{"translation":[-0.5,2,0],"scale":[1.2,1.2,1.2]}}}