{"credit":"Made by samus2002","texture_size":[32,32],"textures":{"1":"rpg_essentials_1:rpg_essentials_1_texture/key_light"},"elements":[{"from":[6,6.5,7],"to":[11,11.5,9],"rotation":{"angle":0,"axis":"y","origin":[8.5,9,8.25]},"faces":{"north":{"uv":[4,0,6.5,2.5],"texture":"#1"},"east":{"uv":[7,0,8,2.5],"texture":"#1"},"south":{"uv":[6.5,0,4,2.5],"texture":"#1"},"west":{"uv":[7,3,8,5.5],"texture":"#1"},"up":{"uv":[9.5,7,7,6],"texture":"#1"},"down":{"uv":[9.5,7.5,7,8.5],"texture":"#1"}}},{"from":[1,6.5,8],"to":[8,13.5,8],"rotation":{"angle":0,"axis":"y","origin":[8.5,9,7.25]},"faces":{"north":{"uv":[0,0,3.5,3.5],"texture":"#1"},"east":{"uv":[9,9,9,12.5],"texture":"#1"},"south":{"uv":[3.5,0,0,3.5],"texture":"#1"},"west":{"uv":[2,9.5,2,13],"texture":"#1"},"up":{"uv":[13,9,9.5,9],"texture":"#1"},"down":{"uv":[13,9.5,9.5,9.5],"texture":"#1"}}},{"from":[9,6.5,8],"to":[16,13.5,8],"rotation":{"angle":0,"axis":"y","origin":[7.5,9,7.25]},"faces":{"north":{"uv":[3.5,0,0,3.5],"texture":"#1"},"east":{"uv":[2,9.5,2,13],"texture":"#1"},"south":{"uv":[0,0,3.5,3.5],"texture":"#1"},"west":{"uv":[9,9,9,12.5],"texture":"#1"},"up":{"uv":[9.5,9,13,9],"texture":"#1"},"down":{"uv":[9.5,9.5,13,9.5],"texture":"#1"}}},{"from":[7.5,-0.5,7.5],"to":[9.5,6.5,8.5],"rotation":{"angle":0,"axis":"y","origin":[7.5,6.5,7.75]},"faces":{"north":{"uv":[4,6,5,9.5],"texture":"#1"},"east":{"uv":[0,8,0.5,11.5],"texture":"#1"},"south":{"uv":[5.5,6,6.5,9.5],"texture":"#1"},"west":{"uv":[1,8,1.5,11.5],"texture":"#1"},"up":{"uv":[3,8.5,2,8],"texture":"#1"},"down":{"uv":[9.5,0,8.5,0.5],"texture":"#1"}}},{"from":[5.5,2.5,8],"to":[7.5,3.5,8],"rotation":{"angle":0,"axis":"y","origin":[7.5,6.5,8.25]},"faces":{"north":{"uv":[8.5,1,9.5,1.5],"texture":"#1"},"east":{"uv":[3.5,8,3.5,8.5],"texture":"#1"},"south":{"uv":[8.5,2,9.5,2.5],"texture":"#1"},"west":{"uv":[8.5,5,8.5,5.5],"texture":"#1"},"up":{"uv":[3,9,2,9],"texture":"#1"},"down":{"uv":[10,5,9,5],"texture":"#1"}}},{"from":[5.5,0.5,8],"to":[7.5,1.5,8],"rotation":{"angle":0,"axis":"y","origin":[7.5,6.5,8.25]},"faces":{"north":{"uv":[8.5,3,9.5,3.5],"texture":"#1"},"east":{"uv":[3.5,9,3.5,9.5],"texture":"#1"},"south":{"uv":[8.5,4,9.5,4.5],"texture":"#1"},"west":{"uv":[7,9,7,9.5],"texture":"#1"},"up":{"uv":[10,5.5,9,5.5],"texture":"#1"},"down":{"uv":[8.5,9,7.5,9],"texture":"#1"}}}],"gui_light":"front","display":{"thirdperson_righthand":{"rotation":[180,90,0],"translation":[0,0,0.5],"scale":[0.9,0.9,0.9]},"thirdperson_lefthand":{"rotation":[180,90,0],"translation":[0,0,0.5],"scale":[0.9,0.9,0.9]},"firstperson_righthand":{"rotation":[180,90,0],"translation":[2.25,1,-0.25],"scale":[0.9,0.9,0.9]},"firstperson_lefthand":{"rotation":[180,90,0],"translation":[2.25,1,-0.25],"scale":[0.9,0.9,0.9]},"ground":{"rotation":[90,0,0],"translation":[0,-2,0],"scale":[0.9,0.9,0.9]},"gui":{"rotation":[0,180,0],"translation":[0.5,1.5,0]},"fixed":{"translation":[-0.5,2,0],"scale":[1.2,1.2,1.2]}}}